,Symbol,Market,Name,Sector,Industry,ListingDate,SettleMonth,Representative,HomePage,Region,Firm_Code
0,35760,KOSDAQ,CJ ENM,텔레비전 방송업,"의류, 생활주방, 가전제품, 보석, 기타",1999-11-23,12월,"Minho Hou, Ho Sung Kang",http://www.cjmall.com,서울특별시,/m/0y49mzk
1,51500,KOSDAQ,CJ프레시웨이,음·식료품 및 담배 도매업,"식자재유통, 단체급식",2001-07-26,12월,정성필,http://www.cjfreshway.com,경기도,/g/11bycyn_bq
2,58820,KOSDAQ,CMG제약,의약품 제조업,의약품,2001-08-31,12월,이주형,http://www.cmgpharma.co.kr,서울특별시,CMG제약
3,78150,KOSDAQ,HB테크놀러지,특수 목적용 기계 제조업,TFT-LCD검사장비,2004-12-08,12월,문성준,http://www.ncbnet.co.kr,충청남도,/g/112ycz_xg
4,67290,KOSDAQ,JW신약,의약품 제조업,"매니큐어세트, 손톱깎이",2003-02-11,12월,백승호,http://www.cwsy.co.kr,서울특별시,/g/11byd5xcgh
5,24120,KOSDAQ,KB오토시스,자동차 신품 부품 제조업,브레이크패드,1994-12-07,12월,김신완,http://www.kbautosys.com,충청남도,/g/11b_lctcj
6,151860,KOSDAQ,KG ETS,폐기물 처리업,"집단에너지(스팀), 산화동, 폐기물 소각",2013-07-24,12월,엄기민,http://www.kgets.co.kr,경기도,/g/1jkv67pxt
7,46440,KOSDAQ,KG모빌리언스,소프트웨어 개발 및 공급업,유무선전화결제서비스,2004-12-14,12월,고규영,http://www.mobilians.co.kr,서울특별시,/g/112ydgmgc
8,35600,KOSDAQ,KG이니시스,소프트웨어 개발 및 공급업,전자지불서비스,2002-11-22,12월,유승용,http://www.inicis.com,서울특별시,/m/0x2j4ln
9,60720,KOSDAQ,KH바텍,전자부품 제조업,"휴대폰부품(SHIELD, BRACKET)",2002-05-21,12월,남광희,http://www.khvatec.com,경상북도,/g/1232pkqc
10,114450,KOSDAQ,KPX생명과학,기초 의약물질 및 생물학적 제제 제조업,의약품 중간체 등,2009-12-22,12월,이기성,http://www.kpxls.com/,전라남도,KPX생명과학
11,53290,KOSDAQ,NE능률,"서적, 잡지 및 기타 인쇄물 출판업",영어학습교재,2002-12-10,12월,주민홍,http://www.neungyule.com,서울특별시,/g/11b81x5j4c
12,60250,KOSDAQ,NHN한국사이버결제,기타 정보 서비스업,전자결제서비스업,2002-01-08,12월,박준석,http://www.kcp.co.kr,서울특별시,/g/11byd5ym4y
13,30190,KOSDAQ,NICE평가정보,기타 정보 서비스업,"개인 및 기업정보,솔루션",2000-05-16,12월,신희부,http://www.niceinfo.co.kr,서울특별시,/g/1q6msfwzk
14,78590,KOSDAQ,OQP,자동차 신품 부품 제조업,자동차내장카페트,2005-10-27,12월,이창현 단독대표이사,http://www.oqp.co.kr,경상남도,OQP
15,24940,KOSDAQ,PN풍년,기타 금속 가공제품 제조업,압력솥,1995-01-04,12월,유재원,http://www.pn.co.kr,경기도,PN풍년
16,218410,KOSDAQ,RFHIC,통신 및 방송 장비 제조업,GaN 트랜지스터,2015-06-30,12월,조덕수,http://rfhic.com,경기도,/g/11bwqbj3jb
17,91340,KOSDAQ,S&K폴리텍,전자부품 제조업,고밀도폴리우레탄폼시트,2007-07-30,12월,강원형,http://www.snkpolytec.com,경기도,S&K폴리텍
18,46140,KOSDAQ,SBS콘텐츠허브,"영화, 비디오물, 방송프로그램 제작 및 배급업","컨텐츠, 프로젝트",2003-02-05,12월,김휘진,http://www.sbscontentshub.co.kr,서울특별시,/m/07s3dkm
19,36120,KOSDAQ,SCI평가정보,기타 정보 서비스업,"신용조회,채권추심,신용조사",1999-12-07,12월,임동훈,http://www.sci.co.kr,서울특별시,/g/11c6qtcwv8
20,40610,KOSDAQ,SG&G,자동차 신품 부품 제조업,생활정보신문,2000-04-27,12월,이 의 범,http://www.sgng.com,경기도,/g/11b_k44fl
21,184230,KOSDAQ,SGA솔루션즈,소프트웨어 개발 및 공급업,보안솔루션,2013-12-20,12월,최영철,http://sgasol.kr,서울특별시,/g/1ynnmlpgw
22,48550,KOSDAQ,SM C&C,광고업,"영상콘텐츠 제작 및 매니지먼트, 광고, 여행",2001-01-18,12월,"김동준, 남궁철",http://www.smcultureandcontents.com,서울특별시,/m/012rh8m5
23,63440,KOSDAQ,SM Life Design,기록매체 복제업,"추첨식복권 제조, 일반출판 인쇄, CD ·DVD 복제",2002-05-30,12월,신숭복,http://smlifedesign.com,경기도,/g/11b_jz0t9
24,89230,KOSDAQ,THE E&M,기타 정보 서비스업,인터넷 개인방송 플랫폼,2006-10-10,12월,"신환률, 김대권(각자대표)",http://www.theenm.com,서울특별시,/g/11c1pb97wm
25,161570,KOSDAQ,THE MIDONG,영상 및 음향기기 제조업,"차량용 블랙박스, 차량운행보조시스템",2013-11-13,12월,후성양(HU SHENGYANG),http://www.the-midong.com,서울특별시,/g/1yg93chbc
26,79940,KOSDAQ,가비아,소프트웨어 개발 및 공급업,"도메인,호스팅",2005-10-19,12월,김홍국,http://www.gabia.com,경기도,/g/1z0spmc2q
27,78890,KOSDAQ,가온미디어,통신 및 방송 장비 제조업,디지털셋톱박스,2005-07-12,12월,임화섭,http://www.kaonmedia.com,경기도,/g/11b_jz0h1
28,217730,KOSDAQ,강스템바이오텍,기초 의약물질 및 생물학적 제제 제조업,줄기세포치료제,2015-12-21,12월,나종천,http://www.kangstem.com,서울특별시,/g/11bxfzmn0_
29,63080,KOSDAQ,게임빌,소프트웨어 개발 및 공급업,모바일게임,2009-07-30,12월,이용국,http://www.gamevil.com,서울특별시,/m/02ppkny
30,11040,KOSDAQ,경동제약,의약품 제조업,"듀오로반정, 발디핀정, 아트로반정 등",1992-12-18,12월,류기성,http://www.kdpharma.co.kr,경기도,/g/122tj8vl
31,49720,KOSDAQ,고려신용정보,기타 사업지원 서비스업,"채권추심, 신용조사",2002-01-31,12월,윤태훈,http://www.koryoinfo.co.kr,서울특별시,고려신용정보
32,14570,KOSDAQ,고려제약,의약품 제조업,"하벤(종합감기약),뉴로메드(치매치료제)등",2000-12-07,12월,"박해룡, 박상훈 (각자대표)",http://www.nicepharma.com,경기도,/g/1tdn6m79
33,98460,KOSDAQ,고영,특수 목적용 기계 제조업,전자제품및반도체생산용 3차원 납도포검사장비,2008-06-03,12월,고광일,http://www.kohyoung.com,서울특별시,/g/11b7c53khz
34,215000,KOSDAQ,골프존,소프트웨어 개발 및 공급업,골프시뮬레이터,2015-04-03,12월,"최덕형, 박강수",http://www.golfzon.com,서울특별시,/m/0x2w6_1
35,26910,KOSDAQ,광진실업,1차 철강 제조업,마봉,1996-01-03,12월,"허유석, 허정도",http://www.kjsteel.co.kr,부산광역시,광진실업
36,90150,KOSDAQ,광진윈텍,자동차 신품 부품 제조업,시트히터,2006-10-20,12월,"신규진, 조병호(각자대표이사)",http://www.kwangjinwintec.com,부산광역시,광진윈텍
37,43650,KOSDAQ,국순당,알코올음료 제조업,탁주 및 약주,2000-08-24,12월,배상민,http://www.ksdb.co.kr,강원도,/m/03cc845
38,6050,KOSDAQ,국영지앤엠,유리 및 유리제품 제조업,강화유리,1994-10-07,12월,최재원,http://www.kukyong.com,서울특별시,국영지앤엠
39,60480,KOSDAQ,국일신동,1차 비철금속 제조업,황동봉,2014-12-29,12월,"김연경,손장원 (각자대표)",http://www.kukilmetal.com,경기도,/g/11b6wpxy_n
40,78130,KOSDAQ,국일제지,기타 종이 및 판지 제품 제조업,"산업용 및 가정용 지류(강판간지, 다공지 등)",2004-10-22,12월,"이용호, 최우식 (각자 대표)",http://www.kukilpaper.co.kr,경기도,/g/11gsly0bq_
41,19660,KOSDAQ,글로본,상품 종합 도매업,화장품 외,1992-06-04,12월,한상호,http://www.globon.co.kr,서울특별시,/g/11gywhk62
42,53260,KOSDAQ,금강철강,1차 철강 제조업,"냉연압연강판, 산세코일",2002-01-04,12월,"주광남, 주성호(각자 대표)",http://www.kksteel.co.kr,서울특별시,금강철강
43,49080,KOSDAQ,기가레인,특수 목적용 기계 제조업,RF통신부품 및 반도체 장비,2013-12-19,12월,최인권,http://www.gigalane.com,경기도,/g/11b66dq9_d
44,35460,KOSDAQ,기산텔레콤,통신 및 방송 장비 제조업,"광모듈, 에코 켄슬러, 중계기, VoIP Server등",1999-11-18,12월,박병기,http://www.kisantel.co.kr,서울특별시,기산텔레콤
45,151910,KOSDAQ,나노스,전자부품 제조업,"Blue Filter, IR Filter, Camera Module",2012-08-02,12월,양선길,http://www.nanosm.com,경기도,/g/11cfn0p60
46,39860,KOSDAQ,나노엔텍,의료용 기기 제조업,의료기기 및 실험기기,2000-08-16,12월,정찬일,http://www.nanoentek.com,서울특별시,/g/11g9mwmy9q
47,51490,KOSDAQ,나라엠앤디,특수 목적용 기계 제조업,"금형,사출 및 판금부품",2001-06-12,12월,김영조,http://www.naramnd.com,경상남도,나라엠앤디
48,89600,KOSDAQ,나스미디어,광고업,광고매체 판매,2013-07-17,12월,정기호,http://www.nasmedia.co.kr,서울특별시,/g/11byd1g5c0
49,138610,KOSDAQ,나이벡,의료용품 및 기타 의약 관련제품 제조업,"치아미백제,치과용 골이식재",2011-07-13,12월,정종평,,충청북도,/m/0hqx38s
50,130580,KOSDAQ,나이스디앤비,기타 사업지원 서비스업,기업신용조사 보고서,2011-12-22,12월,노 영 훈,http://www.nicednb.com,서울특별시,/g/11b_jqfm_
51,91590,KOSDAQ,남화토건,건물 건설업,"건축공사, 토목공사",2012-01-31,12월,"최상준, 최재훈",http://www.namhwaconst.co.kr,전라남도,/g/1q66n6h39
52,168330,KOSDAQ,내츄럴엔도텍,자연과학 및 공학 연구개발업,"백수오 여성호르몬제, 백수오등복합추출물(원료)",2013-10-31,12월,김희도,http://www.naturalendo.com,경기도,/g/11bc84qv65
53,212560,KOSDAQ,네오오토,자동차 신품 부품 제조업,"피니언 기어, 디프 어셈블리, 대형기어",2015-11-18,12월,김원일,http://www.neooto.kr,서울특별시,네오오토
54,95660,KOSDAQ,네오위즈,소프트웨어 개발 및 공급업,"피망,스페셜포스",2007-07-02,12월,"문지수 대표이사, 김승철 대표이사 (공동대표)",http://www.neowizgames.com,경기도,/m/04g1n4_
55,92730,KOSDAQ,네오팜,기타 화학제품 제조업,생체기능성(아토피)보습제,2007-01-30,12월,김양수,http://neopharm.co.kr,대전광역시,/g/11gy_m4rf
56,7390,KOSDAQ,네이처셀,기초 의약물질 및 생물학적 제제 제조업,닥터쥬크르,1992-11-30,12월,라정찬,http://www.naturecell.co.kr,서울특별시,/g/112yd6wd7
57,33640,KOSDAQ,네패스,반도체 제조업,반도체및TFT-LCD용현상액,1999-12-14,12월,이병구,http://www.nepes.co.kr,충청북도,/g/11b_lp73q
58,65170,KOSDAQ,넥스트BT,음·식료품 및 담배 도매업,건강보조식품 등,2002-11-19,12월,이천수,http://www.nextbt.co.kr,경기도,넥스트BT
59,137940,KOSDAQ,넥스트아이,"측정, 시험, 항해, 제어 및 기타 정밀기기 제조업; 광학기기 제외","LCD 편광필름 검사장비, BLU 검사장비 등",2011-06-14,12월,진광(Chen Guang),,경기도,/g/11b_lqlz5
60,142280,KOSDAQ,녹십자엠에스,의료용품 및 기타 의약 관련제품 제조업,"혈액백, 진단시약, 혈액투석액",2014-12-17,12월,안은억,http://www.greencrossms.com,경기도,/g/11bc6dcx34
61,54050,KOSDAQ,농우바이오,작물 재배업,"고추, 수박, 참외(메론), 오이, 호박, 무, 배추 등",2002-04-02,12월,박동섭,http://www.nongwoobio.co.kr,경기도,/g/122046c1
62,69140,KOSDAQ,누리플랜,"구조용 금속제품, 탱크 및 증기발생기 제조업","경관조명, 경관시설",2010-10-26,12월,"이규홍,이강우 (공동대표)",http://www.nuriplan.com,경기도,/g/11b_jnfhq
63,126870,KOSDAQ,뉴로스,일반 목적용 기계 제조업,터보블로워,2012-02-15,12월,김승우,http://www.neuros.co.kr,대전광역시,/g/11byd0shjs
64,12340,KOSDAQ,뉴인텍,전자부품 제조업,콘덴서,1997-02-12,12월,장기수,http://www.nuin.co.kr,충청남도,뉴인텍
65,64260,KOSDAQ,다날,소프트웨어 개발 및 공급업,모바일콘텐츠 및 유무선전화결제,2004-07-23,12월,박상만,http://www.danal.co.kr,경기도,/g/1220l7p0
66,93640,KOSDAQ,다믈멀티미디어,반도체 제조업,멀티미디어반도체,2007-10-19,12월,정집훈,http://www.tamulm.com,서울특별시,다믈멀티미디어
67,39560,KOSDAQ,다산네트웍스,통신 및 방송 장비 제조업,네트워크 통신장비,2000-06-22,12월,남민우,http://www.dasannetworks.com,경기도,/g/11b_mcgdy
68,32190,KOSDAQ,다우데이타,기계장비 및 관련 물품 도매업,"Autodesk 제품군 및 보안, 백신 소프트웨어 등",1999-12-21,12월,"김익래, 이인복, 성백진(각자 대표)",http://www.daoudata.co.kr,서울특별시,/g/11c718m_r5
69,68240,KOSDAQ,다원시스,"전동기, 발전기 및 전기 변환 · 공급 · 제어 장치 제조업","핵융합 전원장치, 플라즈마 전원장치, 태양광 CVD 전원장치, 산업용 특수정류기",2010-09-14,12월,박선순,http://www.dawonsys.com,경기도,/g/11bxdzpg3j
70,4780,KOSDAQ,대륙제관,기타 금속 가공제품 제조업,휴대용부탄가스 및 금속포장용기,1994-12-29,12월,"박봉국, 박봉준 (각자대표이사)",http://www.drcc.co.kr,서울특별시,대륙제관
71,17650,KOSDAQ,대림제지,기타 종이 및 판지 제품 제조업,골판지원지,1994-11-07,12월,류 창 승,http://www.daelimpaper.co.kr,경기도,대림제지
72,25440,KOSDAQ,대성엘텍,영상 및 음향기기 제조업,카멀티미디어 및 TFT-LCD 부품제조..,1995-05-22,12월,"박상규, 박계현",http://www.dseltec.co.kr,서울특별시,대성엘텍
73,27830,KOSDAQ,대성창투,신탁업 및 집합투자업,투자서비스,1999-11-30,12월,"김영훈, 박근진 (각자대표이사)",http://www.daesungpe.com,서울특별시,대성창투
74,48910,KOSDAQ,대원미디어,기타 전문 도매업,"캐릭터 사업, 만화영화 제작",2001-07-31,12월,"정욱, 정동훈",http://daewonmedia.com,서울특별시,/m/082lg0
75,5710,KOSDAQ,대원산업,자동차 신품 부품 제조업,자동차시트,1993-06-21,12월,"허재건, 허재명, 김재덕",http://www.dwsu.co.kr,경기도,대원산업
76,120240,KOSDAQ,대정화금,기초 화학물질 제조업,"시약, 원료의약품",2010-12-20,12월,송영준,http://www.daejung.kr,경기도,/g/11b_k8_r1
77,3310,KOSDAQ,대주산업,동물용 사료 및 조제식품 제조업,배합사료,1992-08-01,12월,정석원,http://www.daejooind.co.kr,서울특별시,대주산업
78,140520,KOSDAQ,대창스틸,1차 철강 제조업,"냉연강판, 이중바닥재",2014-12-05,12월,"문창복, 문경석",http://www.dcsteel.com,인천광역시,대창스틸
79,23910,KOSDAQ,대한약품,의약품 제조업,수액제,1994-11-23,12월,이윤우,http://www.daihan.com,서울특별시,/g/11b_kkkjb
80,67080,KOSDAQ,대화제약,의약품 제조업,"후로스판, 세파메칠 등",2003-02-14,12월,"노병태, 김은석(각자대표)",http://www.dhpharm.co.kr,강원도,/g/11b_kgq3l
81,213420,KOSDAQ,덕산네오룩스,전자부품 제조업,"HTL(정공수송층), HIL(정공주입층), RED HOST",2015-02-06,12월,"이준호, 이수훈(각자 대표이사)",http://www.dsneolux.co.kr,충청남도,/g/11bc6sgbw5
82,77360,KOSDAQ,덕산하이메탈,반도체 제조업,솔더볼(Solderball),2005-10-14,12월,김윤철,http://www.dshm.co.kr,울산광역시,/g/11b60qljbc
83,90410,KOSDAQ,덕신하우징,"구조용 금속제품, 탱크 및 증기발생기 제조업",일체형 데크플레이트 등,2014-08-01,12월,"김용회, 최영복 (각자대표이사)",http://www.duckshin.com,충청남도,/g/11b5phb5vf
84,194480,KOSDAQ,데브시스터즈,소프트웨어 개발 및 공급업,모바일 게임,2014-10-06,12월,"이지훈, 김종흔",http://www.devsisters.com,서울특별시,/g/11c3khlwt0
85,67990,KOSDAQ,도이치모터스,자동차 판매업,수입자동차,2004-12-03,12월,권혁민,http://www.deutschmotors.com,서울특별시,/g/11gy_hy1m
86,100130,KOSDAQ,동국S&C,"구조용 금속제품, 탱크 및 증기발생기 제조업",Wind-Tower,2009-08-31,12월,이승일,http://www.dongkuksnc.co.kr,경상북도,/g/11b_lp_7h
87,5160,KOSDAQ,동국산업,1차 철강 제조업,"철강무역,강판제품제조",1999-06-25,12월,"남기성, 장세희(각자대표)",http://www.dkis.co.kr,서울특별시,동국산업
88,75970,KOSDAQ,동국알앤에스,기타 비금속 광물제품 제조업,내화물,2004-02-13,12월,이원휘,http://www.dkref.co.kr,경상남도,동국알앤에스
89,86450,KOSDAQ,동국제약,의약품 제조업,"인사돌, 복합마데카솔, 파미레이",2007-05-29,12월,오흥주,http://www.dkpharm.co.kr,서울특별시,/g/11h1r4b3z6
90,99410,KOSDAQ,동방선기,선박 및 보트 건조업,"조선기자재, 선박용 배관",2009-11-10,12월,단독대표이사 홍존근,http://www.dongbangsm.co.kr,경상남도,동방선기
91,33500,KOSDAQ,동성화인텍,기초 화학물질 제조업,초저온 보냉재,1997-12-19,12월,류완수,http://www.dsfinetec.co.kr,부산광역시,/g/11dx9gdvs7
92,88130,KOSDAQ,동아엘텍,특수 목적용 기계 제조업,LCD검사장비,2007-01-03,12월,"박재규, 김재평(각자대표이사)",http://www.dongaeltek.co.kr,경기도,동아엘텍
93,79960,KOSDAQ,동양이엔피,"전동기, 발전기 및 전기 변환 · 공급 · 제어 장치 제조업","휴대폰용,OA기기및통신장비용,디지털가전용전원공급장치",2005-02-01,12월,"김재수,김재만",http://www.dyenp.com,경기도,동양이엔피
94,94170,KOSDAQ,동운아나텍,반도체 제조업,아날로그 반도체,2015-06-30,12월,김동철,http://www.dwanatech.com,서울특별시,/g/11bv2m2tw1
95,13120,KOSDAQ,동원개발,건물 건설업,도급공사,1994-12-29,12월,장복만,http://www.dongwonapt.co.kr,부산광역시,/g/11g9vvw0d7
96,32960,KOSDAQ,동일기연,전자부품 제조업,EMI,1997-07-18,12월,"손동준 , 정수열",http://www.dongiltech.co.kr,경기도,동일기연
97,5290,KOSDAQ,동진쎄미켐,기초 화학물질 제조업,"반도체,LCD용재료(감광제,봉지제),발포제",1999-12-21,12월,"이부섭, 이준혁",http://www.dongjin.com,인천광역시,/g/11b_lksj8
98,25900,KOSDAQ,동화기업,나무제품 제조업,"PB, MDF, 표면재,온돌마루, 창호, 도어 등",1995-08-07,12월,김홍진,http://www.dongwha.co.kr,인천광역시,/g/11hbpdlxbd
99,30350,KOSDAQ,드래곤플라이,소프트웨어 개발 및 공급업,온라인게임,1997-11-10,12월,김재식,http://www.dragonflygame.com,서울특별시,/g/11b_kw5_7
100,214680,KOSDAQ,디알텍,의료용 기기 제조업,X-ray Detector,2015-04-20,12월,안성현,http://www.drtech.co.kr,경기도,/g/11bwqbccf5
101,109740,KOSDAQ,디에스케이,특수 목적용 기계 제조업,"FPD(Flat Panel Display 평판디스플레이)용 Bonding System 및 In-line System, 카메라모듈장비, 이차전지장비, 메카트로닉스 사업군",2009-09-23,12월,"김태구, 김종원(각자대표)",http://www.dsk.co.kr,경기도,디에스케이
102,131030,KOSDAQ,디에이치피코리아,의약품 제조업,티어린프리점안액,2010-12-03,12월,여대훈,http://www.dhpkorea.co.kr,충청북도,/g/11gt__6m_8
103,127120,KOSDAQ,디엔에이링크,자연과학 및 공학 연구개발업,"유전체분석(EGIS), 개인유전체분석(DNAGPS)",2011-12-26,12월,이종은,http://www.dnalink.com,서울특별시,/g/11b88tjln9
104,92070,KOSDAQ,디엔에프,기타 화학제품 제조업,반도체배선박막재료(알루미늄전구체),2007-11-16,12월,김명운,http://www.dnfsolution.com,대전광역시,디엔에프
105,134580,KOSDAQ,디엠티,통신 및 방송 장비 제조업,셋톱박스,2013-11-26,12월,권영철,http://www.dmt.kr,서울특별시,/m/0cqj6dq
106,79810,KOSDAQ,디이엔티,특수 목적용 기계 제조업,FPD공정검사장비,2005-01-26,12월,배성민,http://www.i-det.com,경기도,디이엔티
107,106520,KOSDAQ,디지탈옵틱,사진장비 및 광학기기 제조업,휴대폰 및 차량용 카메라렌즈,2012-07-13,12월,"송성일, 김정은 각자대표이사",http://www.digitaloptics.co.kr,경기도,디지탈옵틱
108,33130,KOSDAQ,디지틀조선,"자료처리, 호스팅, 포털 및 기타 인터넷 정보매개 서비스업",위성서비스,1997-08-06,12월,김영수,http://www.chosun.com,서울특별시,/g/11b60rqmdq
109,105740,KOSDAQ,디케이락,일반 목적용 기계 제조업,계장용 피팅 및 밸브,2010-11-12,12월,노은식,http://ddd.dklok.com,경상남도,/g/11gywssr_
110,187220,KOSDAQ,디티앤씨,기타 과학기술 서비스업,전기전자규격 인증서비스,2014-12-17,12월,박채규,http://www.dtnc.co.kr,경기도,/g/11b6wr_6h0
111,42510,KOSDAQ,라온시큐어,소프트웨어 개발 및 공급업,소프트웨어 개발 및 공급,2001-01-03,12월,이순형,http://www.raonsecure.com,서울특별시,/g/11byd5qfk_
112,171010,KOSDAQ,램테크놀러지,기초 화학물질 제조업,"반도체 식각액, 박리액, 세정액 등",2013-11-18,12월,길준봉,http://www.ramtech.co.kr,경기도,램테크놀러지
113,84650,KOSDAQ,랩지노믹스,자연과학 및 공학 연구개발업,체외진단 서비스 및 제품,2014-12-16,12월,진승현,http://www.labgenomics.co.kr,경기도,/g/11b6wjrffn
114,67730,KOSDAQ,로지시스,"컴퓨터 프로그래밍, 시스템 통합 및 관리업","전산장비 판매 및 유지보수, VAN기기 대행관리",2015-07-29,12월,이규현,http://www.logisys.co.kr,서울특별시,로지시스
115,71280,KOSDAQ,로체시스템즈,특수 목적용 기계 제조업,LCD 제조용 이송장비,2003-11-14,12월,박기환,http://www.rorze.co.kr,경기도,로체시스템즈
116,38060,KOSDAQ,루멘스,반도체 제조업,LED개발 및 제조,2006-08-08,12월,이경재,http://www.lumens.co.kr,경기도,루멘스
117,60240,KOSDAQ,룽투코리아,소프트웨어 개발 및 공급업,"모바일게임(열혈강호,검과마법)",2002-01-04,12월,양 성 휘,http://www.longtukorea.kr/,경기도,/g/122b8y0b
118,19570,KOSDAQ,리더스 기술투자,신탁업 및 집합투자업,금융투자,1989-03-14,03월,김형준,http://www.geminivc.co.kr,서울특별시,/g/11b824h4qx
119,16100,KOSDAQ,리더스코스메틱,기타 화학제품 제조업,화장품,2003-01-15,12월,"김진구, 김진상(공동 대표이사)",http://www.leaderscosmetics.com,서울특별시,/g/11gyz_gqs
120,12700,KOSDAQ,리드코프,기타 전문 도매업,화공약품운반,1996-01-19,12월,김철우,http://www.leadcorp.co.kr,서울특별시,/g/11b6f1t85s
121,42500,KOSDAQ,링네트,"컴퓨터 프로그래밍, 시스템 통합 및 관리업",네트워크 구축(Network Integration),2002-01-10,12월,이주석,http://www.ringnet.co.kr,서울특별시,링네트
122,98120,KOSDAQ,마이크로컨텍솔,전자부품 제조업,"BGA IC Burn-In Socket,DRAM Module Socket",2008-09-23,12월,양승은,http://www.mcsgroup.co.kr,충청남도,마이크로컨텍솔
123,38290,KOSDAQ,마크로젠,"그외 기타 전문, 과학 및 기술 서비스업","DNA Sequencing, Microarray, Genetically Engineered Mouse",2000-02-22,12월,이수강,http://www.macrogen.com,서울특별시,/g/11b7zs_5k8
124,220630,KOSDAQ,맘스터치,음·식료품 및 담배 도매업,"햄버거, 치킨, 식음료유통",2015-08-28,12월,김동전,http://www.momstouchandco.com,서울특별시,/m/0136_skf
125,67280,KOSDAQ,멀티캠퍼스,기타 교육기관,성인/기업전문 교육서비스,2006-11-16,12월,박성태,http://www.multicampus.com,서울특별시,/g/1q6fk6dnk
126,72870,KOSDAQ,메가스터디,"서적, 잡지 및 기타 인쇄물 출판업","온라인강의,교재판매",2004-12-21,12월,"손주은, 손은진(각자 대표이사)",http://www.megastudyholdings.com,서울특별시,/m/0v4h9lz
127,133750,KOSDAQ,메가엠디,일반 교습 학원,"의학, 치의학, 법학 전문대학원, 약학대학 입학시험 대비 강의",2015-12-18,12월,임수아,http:// http://www.megamd.co.kr,서울특별시,/g/11bxfy0w1y
128,41920,KOSDAQ,메디아나,의료용 기기 제조업,"환자감시장치, 자동심장 제세동기(AED)",2014-10-07,12월,길문종,http://www.mediana.co.kr,강원도,/g/11b69byr99
129,14100,KOSDAQ,메디앙스,기타 화학제품 제조업,"누크, 비비생활용품, 비앙또마망, 지에닉, 닥터 아토피스",1995-01-03,12월,김은정,http://www.medience.co.kr,서울특별시,/g/11b6z_pl7s
130,86900,KOSDAQ,메디톡스,기초 의약물질 및 생물학적 제제 제조업,"의약품원료(A형,B형 보툴리늄독소 단백질치료제) 제조,연구,개발",2009-01-16,12월,정현호,http://www.medytox.com,충청북도,/g/11b60rcrnh
131,78160,KOSDAQ,메디포스트,기초 의약물질 및 생물학적 제제 제조업,제대혈은행,2005-07-29,12월,양윤선,http://www.medi-post.co.kr,경기도,/g/11bzyx0_9w
132,65650,KOSDAQ,메디프론,기계장비 및 관련 물품 도매업,음반재킷 제작,2003-01-21,12월,"김상우,노기선 각자대표이사",http://medifon.com,서울특별시,메디프론
133,140410,KOSDAQ,메지온,자연과학 및 공학 연구개발업,"발기부전증치료제, 전립선비대증치료제",2012-01-20,12월,박동현,,서울특별시,/g/12bffwj0q
134,59210,KOSDAQ,메타바이오메드,의료용품 및 기타 의약 관련제품 제조업,"생체분해성봉합사,근관충전재",2008-04-15,12월,오석송,http://wwwlmeta-biomed.com,충청북도,/g/11byczq9wd
135,58110,KOSDAQ,멕아이씨에스,의료용 기기 제조업,인공호흡기,2015-12-14,12월,김종철,http://www.mek-ics.com,경기도,/g/11bxb9lhqf
136,80160,KOSDAQ,모두투어,여행사 및 기타 여행보조 서비스업,"항공권판매수수료,해외여행알선",2005-07-26,12월,우종웅,http://www.modetour.co.kr,서울특별시,/m/0x2g2fk
137,100030,KOSDAQ,모바일리더,소프트웨어 개발 및 공급업,"금융솔루션,동기화솔루션",2010-05-25,12월,백형덕,http://mobileleader.com,서울특별시,/g/11b_lp2gh
138,101330,KOSDAQ,모베이스,통신 및 방송 장비 제조업,휴대전화 케이스,2010-02-04,12월,"손병준, 김낙순",http://www.mobase.com,경기도,/g/11bycydrbd
139,6920,KOSDAQ,모헨즈,"시멘트, 석회, 플라스터 및 그 제품 제조업",레미콘,1989-01-05,12월,이기명,http://www.imohenz.com,충청남도,모헨즈
140,1810,KOSDAQ,무림SP,"펄프, 종이 및 판지 제조업","아트지,CCP지",2000-01-04,12월,이도균,http://www.moorim.co.kr,서울특별시,무림SP
141,49950,KOSDAQ,미래컴퍼니,특수 목적용 기계 제조업,EdgeGrinder,2005-01-04,12월,김준구,http://www.meerecompany.com,경기도,/g/11gyz3yq8
142,207760,KOSDAQ,미스터블루,기타 정보 서비스업,"온라인 만화 콘텐츠 서비스 및 제공, 만화 출판",2014-12-12,12월,조승진,http://www.mrbluecorp.com/,서울특별시,/g/11bc5912ht
143,214180,KOSDAQ,민앤지,기타 정보 서비스업,휴대폰부가서비스,2015-06-30,12월,이현철,http://www.minwise.co.kr,서울특별시,/g/11bv2lxljz
144,206640,KOSDAQ,바디텍메드,의료용품 및 기타 의약 관련제품 제조업,면역진단기기 및 카트리지,2014-12-29,12월,최의열,http://www.boditech.co.kr,강원도,/g/11bc69yhnr
145,18700,KOSDAQ,바른손,생활용품 도매업,지제품,1994-03-18,12월,"강신범, 안은미",http://www.barunson.co.kr,경기도,/g/123269g7
146,64520,KOSDAQ,바른전자,반도체 제조업,"메모리 카드, 스마트 카드 등",2002-12-04,12월,조대성(단독 대표이사),http://www.bec.co.kr,경기도,바른전자
147,53030,KOSDAQ,바이넥스,의약품 제조업,"정장제, 소화제",2001-08-07,12월,이혁종,http://www.bi-nex.co.kr,부산광역시,/g/11c3kym23y
148,64550,KOSDAQ,바이오니아,의료용품 및 기타 의약 관련제품 제조업,"합성유전자,시약및유전자분석장비",2005-12-29,12월,박한오,http://www.bioneer.co.kr,대전광역시,/g/11h4lpcvpy
149,208710,KOSDAQ,바이오로그디바이스,전자부품 제조업,모바일용 카메라모듈 부품외,2014-12-24,12월,황 훈,http://www.biologdevice.com,경기도,바이오로그디바이스
150,38460,KOSDAQ,바이오스마트,전자부품 제조업,"M/S 카드제조업, IC 카드제조, 카드장비판매",2000-06-22,12월,윤호권,http://www.bio-smart.com,서울특별시,바이오스마트
151,43150,KOSDAQ,바텍,의료용 기기 제조업,"치과용 디지털 X-ray기기 (파노라마, CT) 및 구강스캐너 등",2006-09-29,12월,현정훈,http://www.vatech.co.kr,경기도,/g/11gy_80nh
152,225530,KOSDAQ,보광산업,기타 비금속 광물제품 제조업,"콘크리트용 부순골재, 아스콘, 레미콘",2015-12-17,12월,김윤수,http://www.bokwangindustry.co.kr,대구광역시,/g/11bxd7fpb_
153,6910,KOSDAQ,보성파워텍,"구조용 금속제품, 탱크 및 증기발생기 제조업",송배전용자재,1994-09-07,12월,임재황,http://www.bosungpower.co.kr,충청북도,보성파워텍
154,100120,KOSDAQ,뷰웍스,의료용 기기 제조업,X-Ray Detector,2009-04-10,12월,김후식,http://www.vieworks.com,경기도,/g/11cmp9f_vd
155,64480,KOSDAQ,브리지텍,소프트웨어 개발 및 공급업,"컨택센터솔루션,BcN솔루션,ASP서비스사업",2008-06-04,12월,신경식,http://www.bridgetec.co.kr,서울특별시,브리지텍
156,44480,KOSDAQ,블루베리 NFT,고무제품 제조업,"콘돔,고무골무,의료용 장갑",2001-01-11,12월,"홍상혁, 오성원",http://www.unidusok.com,충청북도,/g/11b6d2m60j
157,82800,KOSDAQ,비보존 헬스케어,반도체 제조업,백색발광다이오드(LED),2005-11-18,12월,"한재관,오동훈(각자대표)",http://www.lumimicro.com,경기도,비보존 헬스케어
158,200780,KOSDAQ,비씨월드제약,의약품 제조업,"마취통증약, 순환계약, 항생제, 기타처방약",2014-12-15,12월,홍성한,http://www.bcwp.co.kr,경기도,/g/11b6whvzgk
159,141000,KOSDAQ,비아트론,특수 목적용 기계 제조업,AMOLED 등 제조장비,2012-05-04,12월,김 형 준,http://www.viatrontech.com,경기도,/g/112ydl2gm
160,90460,KOSDAQ,비에이치,전자부품 제조업,연성인쇄회로기판(FPCB),2007-01-26,12월,이경환,http://www.bhe.co.kr,인천광역시,/m/0125grgk
161,83650,KOSDAQ,비에이치아이,일반 목적용 기계 제조업,"보일러,열교환기등",2005-12-02,12월,"우종인, 조원래 (각자 대표이사)",http://www.bhi.co.kr,경상남도,/g/11c6r388j2
162,86670,KOSDAQ,비엠티,일반 목적용 기계 제조업,"정밀계장용피팅및밸브류,전원분배장치(MCPD)",2007-11-02,12월,윤종찬,http://superlok.com,경상남도,비엠티
163,82920,KOSDAQ,비츠로셀,일차전지 및 축전지 제조업,리튬1차전지,2009-10-28,12월,장승국,http://www.vitzrocell.com,충청남도,/g/11b_jp1qh
164,54220,KOSDAQ,비츠로시스,"전동기, 발전기 및 전기 변환 · 공급 · 제어 장치 제조업","원방감시제어시스템, 분산제어시스템",2001-12-26,03월,이기재,http://www.vitzrosys.com,서울특별시,비츠로시스
165,65450,KOSDAQ,빅텍,"측정, 시험, 항해, 제어 및 기타 정밀기기 제조업; 광학기기 제외",전자전시스템 장치류,2003-02-05,12월,임만규,http://www.victek.co.kr,경기도,/g/11c6qsnrn3
166,100090,KOSDAQ,삼강엠앤티,1차 철강 제조업,"후육강관제조업,조선블록제조업",2008-08-01,12월,송무석,http://www.sam-kang.com/,경상남도,/g/11byc_qxcl
167,122350,KOSDAQ,삼기,자동차 신품 부품 제조업,자동차부품,2010-03-19,12월,김치환,http://www.samkee.com,경기도,/g/11gz3ns53
168,18310,KOSDAQ,삼목에스폼,"구조용 금속제품, 탱크 및 증기발생기 제조업","갱폼,알루미늄폼,특수폼,알루미늄압출재",1996-05-03,12월,엄석호,http://www.sammok.co.kr,경기도,삼목에스폼
169,53700,KOSDAQ,삼보모터스,자동차 신품 부품 제조업,증명서 자동발급기,2001-11-06,12월,이재하,http://www.sambomotos.co.kr,대구광역시,/g/11vj020_7
170,23600,KOSDAQ,삼보판지,"펄프, 종이 및 판지 제조업","골판지,골판지상자",1996-05-29,12월,류진호,http://www.isambo.com,경기도,삼보판지
171,9300,KOSDAQ,삼아제약,의약품 제조업,"노마에프, 아토크건조시럽, 코데날정, 코코시럽, 스마엘",2000-07-19,12월,"허 준, 허미애 (각자 대표이사)",http://www.samapharm.co.kr,강원도,/g/11c0rglyyg
172,54540,KOSDAQ,삼영엠텍,"구조용 금속제품, 탱크 및 증기발생기 제조업","구조용 특수장치, 교량부품",2001-11-15,12월,강문식,http://www.symtek.co.kr,경상남도,삼영엠텍
173,65570,KOSDAQ,삼영이엔씨,통신 및 방송 장비 제조업,"GMDSS장비, GPS플로터 등",2003-01-21,12월,황재우,http://www.samyungenc.com,부산광역시,/g/11c48f9ppr
174,37460,KOSDAQ,삼지전자,통신 및 방송 장비 제조업,"통신기기,정보기기,BACKLIGHTUNIT사업",1999-12-16,12월,"박두진, 주동익",http://www.samjielec.co.kr,경기도,삼지전자
175,32750,KOSDAQ,삼진,통신 및 방송 장비 제조업,리모컨,1997-07-14,12월,김승철,http://www.samjin.com,경기도,/g/11b_k31ny
176,54090,KOSDAQ,삼진엘앤디,그외 기타 제품 제조업,"몰드프레임, TFT-LCD BLU",2004-02-06,12월,"이경재,이명종",http://samjin.co.kr,경기도,삼진엘앤디
177,250,KOSDAQ,삼천당제약,의약품 제조업,"하메론, 아토로우",2000-10-04,12월,"윤대인, 전인석(각자 대표이사)",http://www.scd.co.kr,경기도,/g/11bc72df8h
178,24950,KOSDAQ,삼천리자전거,생활용품 도매업,자전거,1995-01-04,12월,신동호,http://www.samchuly.co.kr,서울특별시,/m/087b26
179,17480,KOSDAQ,삼현철강,1차 철강 제조업,"후판,열연후판,산세판박,무늬강판,용단철강,형강외",2001-01-09,12월,조 윤 선,http://www.samsteel.co.kr,경상남도,삼현철강
180,46390,KOSDAQ,삼화네트웍스,"영화, 비디오물, 방송프로그램 제작 및 배급업","시스템통합(SI), 시스템유지(SM)",2001-01-11,12월,"공동대표이사 안제현, 신상윤",http://www.shnetworks.co.kr,서울특별시,/g/1q66x6nv_
181,89980,KOSDAQ,상아프론테크,플라스틱제품 제조업,"LCD부품,사무기기부품,PCB부품,2차전지부품",2011-07-21,12월,이상원,http://www.sftc.co.kr,인천광역시,/g/11b_lmwm0
182,42940,KOSDAQ,상지카일룸,건물 건설업,"건설업, 고급빌라 건축 및 일반 건축, 주택공급 등",2000-10-19,12월,김영신,http://www.sangji.co.kr/,서울특별시,상지카일룸
183,6730,KOSDAQ,서부T&D,일반 및 생활 숙박시설 운영업,석유류판매,1995-10-06,12월,승만호,,서울특별시,서부T&D
184,100660,KOSDAQ,서암기계공업,일반 목적용 기계 제조업,"공작기계부품(정밀기어,척),산업기계 제조부동산 임대",2011-12-19,12월,"권영호, 권영열",http://smiltd.co.kr,광주광역시,/g/11gz1krzm
185,46890,KOSDAQ,서울반도체,반도체 제조업,"Display, Chip LED, Lamp",2002-01-17,12월,"이정훈, 홍명기",http://www.seoulsemicon.com,경기도,/m/026j4r2
186,27040,KOSDAQ,서울전자통신,기계장비 및 관련 물품 도매업,"전자변성기, 무역업(트랜스포머자재)",1999-12-03,12월,호경근,http://www.seoulset.com,인천광역시,서울전자통신
187,122690,KOSDAQ,서진오토모티브,자동차 신품 부품 제조업,"Clutch,Flywheel,Driveplate,Bearing,ATparts",2010-05-25,12월,김성철,http://www.secoautomotive.com,경기도,/g/11gyx40fh
188,35890,KOSDAQ,서희건설,건물 건설업,"토목, 건축, 부동산임대업",1999-12-24,12월,"곽선기,김팔수",http://www.seohee.co.kr,경기도,/g/11bytgbl0l
189,123420,KOSDAQ,선데이토즈,소프트웨어 개발 및 공급업,모바일게임,2010-11-10,12월,김정섭,http://corp.sundaytoz.com,경기도,/g/11b_lft9z
190,14620,KOSDAQ,성광벤드,1차 철강 제조업,관이음쇠,2001-01-11,12월,안 재 일,http://www.skbend.com,부산광역시,/g/1pwgtjt5v
191,81580,KOSDAQ,성우전자,통신 및 방송 장비 제조업,휴대폰금속프레스부품(전자파차단ShieldCan),2007-10-12,12월,조일현,http://www.swei.co.kr,경기도,성우전자
192,15750,KOSDAQ,성우하이텍,자동차 신품 부품 제조업,자동차범퍼,1995-11-04,12월,"이명근, 이문용(각자대표)",http://www.swhitech.co.kr,부산광역시,/g/11c6qvk0pr
193,80470,KOSDAQ,성창오토텍,자동차 신품 부품 제조업,"차량용에어컨필터,차량용공기청정기등",2006-11-03,12월,이병진,http://www.sc-autotech.com,경기도,성창오토텍
194,43260,KOSDAQ,성호전자,전자부품 제조업,"전원공급장치,필름콘덴서",2001-11-29,12월,박성재,http://www.sungho.net,서울특별시,/g/11byd5_hkb
195,17510,KOSDAQ,세명전기,기타 금속 가공제품 제조업,"154kV, 345kV, 765kV 송전,변전,배전용 금구류, 섬유직기용 섹셔날 빔",1991-12-26,12월,"권재기, 권철현",http://www.semyung-elec.com,부산광역시,세명전기
196,100700,KOSDAQ,세운메디칼,의료용품 및 기타 의약 관련제품 제조업,"의료용구(체액배출기,도뇨관) 제조,도매,수출입",2008-09-30,12월,이재희,http://SEWOONMEDICAL.CO.KR,충청남도,/g/11b_jvgx5
197,36630,KOSDAQ,세종텔레콤,전기 통신업,WLL/GPS/위성DMB/VoIP 단말기,2000-01-04,12월,"김형진, 유기윤(각자대표)",http://www.sejongtelecom.net,서울특별시,/g/11c3ss61rc
198,39310,KOSDAQ,세중,여행사 및 기타 여행보조 서비스업,여행,2000-06-09,12월,"천신일,천세전",http://www.sejoong.com,서울특별시,/g/1tdh6d08
199,53450,KOSDAQ,세코닉스,사진장비 및 광학기기 제조업,"모바일용 카메라렌즈, 차량용 카메라 및 광학부품",2001-08-09,12월,박은경,http://www.sekonix.com,경기도,세코닉스
200,108860,KOSDAQ,셀바스AI,소프트웨어 개발 및 공급업,인공지능 솔루션 등,2009-12-10,12월,곽민철,http://www.selvasai.com,서울특별시,/g/120t4nsh
201,208370,KOSDAQ,셀바스헬스케어,의료용 기기 제조업,"체성분측정기, 혈압계, 점자정보단말기",2014-12-17,12월,유병탁,http://www.selvashealthcare.com,대전광역시,/g/11bc6mlmp_
202,68760,KOSDAQ,셀트리온제약,의약품 제조업,고덱스 캡슐 외,2006-02-03,12월,서정수,http://www.celltrionph.com,충청북도,/g/11b_k6smh
203,53110,KOSDAQ,소리바다,"자료처리, 호스팅, 포털 및 기타 인터넷 정보매개 서비스업",수도용 및 원예용 상토,2001-10-09,12월,"신종태, 오재명",http://www.soribada.com/corp,서울특별시,/m/05xy7x
204,32680,KOSDAQ,소프트센,기계장비 및 관련 물품 도매업,전산기기 및 정보통신공사,1997-07-18,12월,얼티앤수(데이비드스미스),http://www.softcen.co.kr,서울특별시,/g/122srwjt
205,66910,KOSDAQ,손오공,기타 전문 도매업,"완구, 게임, 캐릭터수입수수료",2005-01-07,12월,김종완,http://www.sonokong.co.kr,경기도,/g/11fmqk68_6
206,43100,KOSDAQ,솔고바이오,의료용 기기 제조업,"가정용 온열치료기, 의료기구",2000-08-08,12월,김일,http://www.solco.co.kr,경기도,솔고바이오
207,35610,KOSDAQ,솔본,회사 본부 및 경영 컨설팅 서비스업,경영자문 및 지주사업,1999-08-13,12월,홍 기 태,http://www.solborn.co.kr,서울특별시,솔본
208,192440,KOSDAQ,슈피겐코리아,그외 기타 제품 제조업,"핸드폰 케이스, 액정보호필름",2014-11-05,12월,김대영,http://www.spigenkorea.co.kr/,서울특별시,/g/11g1bq9568
209,39670,KOSDAQ,스포츠서울,"서적, 잡지 및 기타 인쇄물 출판업",신문사업(스포츠ㆍ연예 전문 일간지),2004-01-16,03월,이장혁,http://www.sportsseoul.com,서울특별시,/m/0xms7kw
210,25320,KOSDAQ,시노펙스,전자부품 제조업,"전자부품, 필터",1995-04-20,12월,손경익,http://www.synopex.com,경상북도,시노펙스
211,131090,KOSDAQ,시큐브,소프트웨어 개발 및 공급업,"시스템보안관리솔루션, 정보유출방지솔루션",2011-12-21,12월,이규호,http://www.secuve.com,서울특별시,/g/11b_kmtvw
212,17000,KOSDAQ,신원종합개발,건물 건설업,토건,1994-12-07,12월,우진호,http://www.swc.co.kr,경기도,/g/11f_rx9pcb
213,12790,KOSDAQ,신일제약,의약품 제조업,디펜플라스타,1999-08-13,12월,홍재현,http://www.sinilpharm.com,충청북도,신일제약
214,56700,KOSDAQ,신화인터텍,플라스틱제품 제조업,디스플레이 BLU용 광학필름,2001-12-13,12월,김학태,http://www.shinwha.com,충청남도,신화인터텍
215,187270,KOSDAQ,신화콘텍,"전동기, 발전기 및 전기 변환 · 공급 · 제어 장치 제조업","커넥터(정보통신기기용, 디스플레이용, HDD용 등)",2014-08-08,12월,이정진,http://www.sh-ct.co.kr,경기도,신화콘텍
216,222800,KOSDAQ,심텍,전자부품 제조업,반도체용 인쇄회로기판,2015-08-07,12월,최시돈,http://www.simmtech.co.kr,충청북도,/g/11b_ktzt0
217,160980,KOSDAQ,싸이맥스,특수 목적용 기계 제조업,"웨이퍼 이송장치(Cluster Tool, EFEM, LPM 등)",2015-06-17,12월,"정혜승, 엄주용 (각자대표)",http://www.cymechs.com,경기도,/g/11btw_4s32
218,10280,KOSDAQ,쌍용정보통신,"컴퓨터 프로그래밍, 시스템 통합 및 관리업","클라우드,시스템통합(SI),네트워크 설계 및 구축,시스템운영(SM)",2000-04-14,12월,박진국,http://www.sicc.co.kr,서울특별시,/g/11_ygrs0y
219,222420,KOSDAQ,쎄노텍,기타 비금속 광물제품 제조업,세라믹 비드,2015-08-06,12월,"이승호, 허명구 (각자)",http://www.cenotec.com,경상남도,/g/11bwqbdtwy
220,37760,KOSDAQ,쎄니트,1차 철강 제조업,스테인레스 냉연강판,2000-04-07,12월,"최재관, 박승배(각자대표)",http://www.cenit.kr,경상남도,쎄니트
221,99320,KOSDAQ,쎄트렉아이,"항공기,우주선 및 부품 제조업","인공위성시스템, 위성지상국, 위성부분품 개발 및 제조",2008-06-13,12월,김이을,http://www.satreci.com,대전광역시,/g/11f11nqqtd
222,49960,KOSDAQ,쎌바이오텍,기초 의약물질 및 생물학적 제제 제조업,유산균 원말 및 완제품,2002-12-13,12월,정명준,http://www.cellbiotech.com,경기도,/g/11byd0p90g
223,50890,KOSDAQ,쏠리드,통신 및 방송 장비 제조업,"이동통신중계기,위성DMB용중계기",2005-07-08,12월,"정준, 이승희 (각자대표이사)",http://www.solid.co.kr,경기도,쏠리드
224,115530,KOSDAQ,씨엔플러스,전자부품 제조업,커넥터,2011-11-02,12월,정상옥,http://www.icnplus.com,경기도,씨엔플러스
225,96530,KOSDAQ,씨젠,의료용품 및 기타 의약 관련제품 제조업,"호흡기성 병원체 검사제품, 성감염증원인균 검사제품",2010-09-10,12월,천종윤,http://seegene.co.kr,서울특별시,/g/11b5pgyg1k
226,900120,KOSDAQ,씨케이에이치,기타 금융업,건강보조식품,2010-03-31,06월,린진성,,케이맨 제도,씨케이에이치
227,101240,KOSDAQ,씨큐브,기초 화학물질 제조업,진주광택안료,2011-11-08,12월,장길완,http://www.cqv.co.kr,충청북도,씨큐브
228,60590,KOSDAQ,씨티씨바이오,의약품 제조업,"동물용항병원성제품, 생균효소제",2002-02-21,12월,전홍열 (단독 대표이사),http://www.ctcbio.com,서울특별시,씨티씨바이오
229,13990,KOSDAQ,아가방컴퍼니,생활용품 도매업,유아용 의류 및 용품,2002-01-17,12월,신상국,http://www.agabang.com,서울특별시,/m/0hqxkp6
230,25980,KOSDAQ,아난티,일반 및 생활 숙박시설 운영업,리조트 운영 및 분양,1996-01-06,12월,이만규,http://www.ananti.kr,충청북도,/g/11bycygrxj
231,74430,KOSDAQ,아미노로직스,기타 전문 도매업,DVR용 영상처리 칩,2004-06-04,12월,"오장석,오성석",http://www.aminologics.co.kr,서울특별시,아미노로직스
232,92040,KOSDAQ,아미코젠,기타 식품 제조업,제약용 특수효소 및 효소기반 바이오신소재,2013-09-12,12월,신용철,http://www.amicogen.com,경상남도,/g/12tn7z_b7
233,149950,KOSDAQ,아바텍,전자부품 제조업,"Glass Slimming & ITO코팅 제품, PDP필터",2012-11-06,12월,박명섭,http://www.avatec.co.kr,대구광역시,아바텍
234,36010,KOSDAQ,아비코전자,전자부품 제조업,"인덕터, 저항기",2002-07-03,12월,김창수,http://www.abco.co.kr,경기도,아비코전자
235,50860,KOSDAQ,아세아텍,특수 목적용 기계 제조업,"농기계(관리기,SS기, 이앙기) 제조",2010-01-26,06월,김신길,http://www.asiakor.com,대구광역시,/g/11vj0gg_s
236,143160,KOSDAQ,아이디스,통신 및 방송 장비 제조업,"영상보안장치(DVR,NVR,IP-Camera 등)",2011-09-26,12월,김영달,http://www.idisglobal.com,대전광역시,/g/11clyt4yg8
237,99190,KOSDAQ,아이센스,의료용 기기 제조업,"혈당측정스트립, 혈당측정기기 등",2013-01-30,12월,"차근식, 남학현(각자 대표이사)",http://www.i-sens.com,서울특별시,/g/11_yj4lsj
238,214430,KOSDAQ,아이쓰리시스템,전자부품 제조업,"적외선 영상센서, 엑스레이 영상센서",2015-07-30,12월,정한,http://www.i3system.com,대전광역시,/g/11b88rrw_y
239,52860,KOSDAQ,아이앤씨,반도체 제조업,지상파 DMB용 수신칩(모바일 TV용 SoC),2009-10-06,12월,박창일,http://www.inctech.co.kr,경기도,/g/11bwg610k0
240,69920,KOSDAQ,아이에스이커머스,무점포 소매업,"해외, 국내상품 소싱 및 판매대행 서비스",2007-12-05,12월,김응상,http://www.isecommerce.co.kr,서울특별시,/m/0x2hvqn
241,38880,KOSDAQ,아이에이,전자부품 제조업,"반도체 및 모듈, 제어기",2000-04-27,12월,김동진,http://www.ia-inc.kr,서울특별시,/m/0h2jvv
242,78860,KOSDAQ,아이오케이,"영화, 비디오물, 방송프로그램 제작 및 배급업",연예인 매니지먼트,2006-06-27,12월,한성구,http://www.iok.co.kr,서울특별시,/g/11f3w6msct
243,114810,KOSDAQ,아이원스,특수 목적용 기계 제조업,"반도체 장비 부품 제조 및 세정, LCD 장비 부품 제조",2013-02-07,12월,이문기,http://www.iones.co.kr,경기도,아이원스
244,185490,KOSDAQ,아이진,자연과학 및 공학 연구개발업,"당뇨성망막병증 치료제, 욕창치료제, 자궁경부암 예방 백신 등",2015-11-16,12월,유원일,http://www.eyegene.co.kr,서울특별시,/g/11bwq6hxvl
245,119830,KOSDAQ,아이텍,"그외 기타 전문, 과학 및 기술 서비스업",비메모리 반도체 테스트,2010-10-26,12월,이장혁,http://www.iteksemi.com,경기도,/g/113hzx58j
246,32080,KOSDAQ,아즈텍WB,"섬유제품 염색, 정리 및 마무리 가공업",직물,2000-10-26,12월,허 재 명,http://www.aztechwb.com,부산광역시,아즈텍WB
247,13310,KOSDAQ,아진산업,자동차 신품 부품 제조업,자동차 차체 부품,2015-12-22,12월,서중호,http://www.wamc.co.kr,경상북도,/g/11hcjtk7dl
248,59120,KOSDAQ,아진엑스텍,반도체 제조업,"전자집적회로, 모션제어칩",2014-07-24,12월,김창호,http://www.ajinextek.com,대구광역시,/g/1q6j0h_d4
249,67160,KOSDAQ,아프리카TV,소프트웨어 개발 및 공급업,미디어플랫폼,2003-12-19,12월,"Seo Soo Kiel, Jung Chan Yong",http://corp.afreecatv.com,경기도,/m/0g5qrmd
250,53800,KOSDAQ,안랩,소프트웨어 개발 및 공급업,바이러스백신 프로그램,2001-09-13,12월,강석균,http://www.ahnlab.com,경기도,/m/05c229r
251,131370,KOSDAQ,알서포트,소프트웨어 개발 및 공급업,"원격지원,제어 솔루션",2011-01-05,12월,서형수,http://www.rsupport.com,서울특별시,/g/11b77l3tyq
252,196170,KOSDAQ,알테오젠,자연과학 및 공학 연구개발업,바이오시밀러 및 바이오베터,2014-12-12,12월,박순재,http://www.alteogen.com,대전광역시,/g/11b6wjrff_
253,85810,KOSDAQ,알티캐스트,소프트웨어 개발 및 공급업,"디지털 방송용 소프트웨어(셋톱박스용 미들웨어 등), CAS(수신제한시스템)",2013-12-06,12월,김태훈,http://www.alticast.co.kr,서울특별시,/g/1yl3h90q_
254,52790,KOSDAQ,액토즈소프트,소프트웨어 개발 및 공급업,온라인 게임 및 모바일 게임,2001-08-14,12월,구오하이빈(Guo Haibin),http://www.actoz.com,서울특별시,/m/0x22617
255,30960,KOSDAQ,양지사,인쇄 및 인쇄관련 산업,다이어리,1996-10-24,06월,이현,http://www.yangjisa.com,경기도,양지사
256,102120,KOSDAQ,어보브반도체,반도체 제조업,"반도체,전자제품,마이크로컨트롤라",2009-06-05,12월,최원,http://abov.co.kr,충청북도,/g/11bc72cwgx
257,38680,KOSDAQ,에스넷,"컴퓨터 프로그래밍, 시스템 통합 및 관리업","네트워크장비 설치 및 납품, 유지보수",2000-04-27,12월,"박효대, 장병강",http://www.snetsystems.co.kr,서울특별시,/g/11bbxrnwpq
258,97780,KOSDAQ,에스맥,통신 및 방송 장비 제조업,휴대폰용키모듈,2008-01-23,12월,조경숙,http://www.s-mac.co.kr,경기도,에스맥
259,42110,KOSDAQ,에스씨디,가정용 기기 제조업,전자렌지용 MOTOR 및 냉장고용 TIMER,2000-07-13,12월,오길호,http://www.sscd.co.kr,경기도,/g/11gyvd3lz
260,65420,KOSDAQ,에스아이리소스,석탄 광업,유연탄,2002-08-22,12월,Ten Sun Ok(전순옥),http://www.siresource.co.kr,서울특별시,에스아이리소스
261,101490,KOSDAQ,에스앤에스텍,전자부품 제조업,블랭크마스크,2009-04-14,12월,정수홍,http://www.snstech.co.kr,대구광역시,/m/0cp6t_r
262,95910,KOSDAQ,에스에너지,"전동기, 발전기 및 전기 변환 · 공급 · 제어 장치 제조업","태양광발전시스템,태양전지모듈",2007-10-16,12월,"홍성민, 박상민 각자대표이사",http://www.s-energy.co.kr,경기도,에스에너지
263,31330,KOSDAQ,에스에이엠티,기계장비 및 관련 물품 도매업,"반도체(메모리,비메모리), CPU, TFT-LCD, 네트웍 장비, PC 및 주변기기, 이동통신수탁사업",2000-05-23,12월,박두진,http://www.isamt.com,서울특별시,에스에이엠티
264,60540,KOSDAQ,에스에이티,"측정, 시험, 항해, 제어 및 기타 정밀기기 제조업; 광학기기 제외","교통관련장비(고정식축중기, 이동식축중기 등)",2006-11-28,12월,정성원,http://www.satech.co.kr,경기도,에스에이티
265,56190,KOSDAQ,에스에프에이,특수 목적용 기계 제조업,"디스플레이, 2차전지, 반도체 제조설비 및 공장자동화기기",2001-12-18,12월,김영민,http://www.sfa.co.kr,경기도,/g/1pwgtlxv9
266,41510,KOSDAQ,에스엠,오디오물 출판 및 원판 녹음업,"음반(CD,MC),연예 대리",2000-04-27,12월,"이성수, 탁영준",http://www.smtown.com,서울특별시,/m/07s363
267,7820,KOSDAQ,에스엠코어,일반 목적용 기계 제조업,"자동화물류서비스, 자동화공정설비",2011-11-08,12월,이응상,http://www.smck.com,서울특별시,/g/11b_l75z1
268,109610,KOSDAQ,에스와이,"구조용 금속제품, 탱크 및 증기발생기 제조업",샌드위치 패널,2015-12-29,12월,"김옥주, 전평열 (공동대표이사)",http://www.sypanel.com,경기도,/g/1z2v7zs04
269,96630,KOSDAQ,에스코넥,통신 및 방송 장비 제조업,WaferProber,2007-12-26,12월,박순관(단독대표이사),http://www.s-connect.co.kr,경기도,에스코넥
270,69510,KOSDAQ,에스텍,영상 및 음향기기 제조업,스피커 및 스피커시스템,2003-11-14,12월,오인용,http://www.estec.co.kr,경상남도,/m/0cp6t_r
271,39440,KOSDAQ,에스티아이,특수 목적용 기계 제조업,"Chemical 중앙공급시스템(C.C.S.S), 세정·식각시스템",2002-02-28,12월,"서인수, 이우석 (각자대표)",http://www.stinc.co.kr,경기도,에스티아이
272,98660,KOSDAQ,에스티오,봉제의복 제조업,"셔츠,자켓/바지, 타이",2009-04-17,12월,김흥수,http://www.thesto.kr,서울특별시,/g/11gyw4bzx
273,52020,KOSDAQ,에스티큐브,기계장비 및 관련 물품 도매업,"전자부품, 정보통신기기, 지능형로봇외",2001-07-05,12월,정현진,http://www.stcube.com,서울특별시,/g/11b_lltc0
274,50760,KOSDAQ,에스폴리텍,플라스틱제품 제조업,유무선 통신용 소프트웨어,2002-05-16,12월,이혁렬,http://www.spolytech.com,충청북도,/g/11b_kx2vr
275,58610,KOSDAQ,에스피지,"전동기, 발전기 및 전기 변환 · 공급 · 제어 장치 제조업",소형 Geared Motor,2002-07-23,12월,"이준호, 여영길(각자 대표이사)",http://www.spg.co.kr,인천광역시,/g/11c6qr1tcx
276,43340,KOSDAQ,에쎈테크,일반 목적용 기계 제조업,LPG밸브,2000-08-29,12월,"조시영, 조경호",http://www.essentech.co.kr,전라북도,에쎈테크
277,54630,KOSDAQ,에이디칩스,그외 기타 제품 제조업,"업소용냉동냉장, 반도체칩",2001-11-13,12월,김미선,http://www.adc.co.kr,경기도,에이디칩스
278,3800,KOSDAQ,에이스침대,가구 제조업,침대,1996-05-03,12월,안성호,http://www.acebed.co.kr,경기도,/g/12h2t30cd
279,88800,KOSDAQ,에이스테크,통신 및 방송 장비 제조업,"단말기용안테나,기지국용안테나",2006-03-27,12월,"구관영,홍익표(각자대표)",http://www.aceantenna.co.kr/kor/,인천광역시,에이스테크
280,28300,KOSDAQ,에이치엘비,선박 및 보트 건조업,"구명정, GRP/GRE PIPPE",1996-07-27,12월,"진양곤, 김동건 (각자대표)",http://www.hlbkorea.com,울산광역시,/g/121nm7zs
281,44780,KOSDAQ,에이치케이,특수 목적용 기계 제조업,레이저가공 절단기,2000-09-07,12월,계명재,http://www.hk-global.com,경기도,/g/11bw7ddp5l
282,71670,KOSDAQ,에이테크솔루션,특수 목적용 기계 제조업,"대형정밀금형(가전,자동차용 등)",2009-04-17,12월,유영목,http://www.atechsolution.co.kr,경기도,에이테크솔루션
283,45660,KOSDAQ,에이텍,컴퓨터 및 주변장치 제조업,"PC,모니터",2001-05-24,12월,한가진,http://www.atec.kr,경기도,/g/11b6f2k850
284,224110,KOSDAQ,에이텍티앤,통신 및 방송 장비 제조업,교통카드단말기,2015-08-25,12월,신승영,http://www.atectn.co.kr,경기도,/g/11bwqbf2vx
285,21080,KOSDAQ,에이티넘인베스트,신탁업 및 집합투자업,벤처캐피탈,1991-07-12,12월,"신기천, 이승용(각자대표)",http://www.hanmivc.co.kr,서울특별시,/g/11b_js_7p
286,89530,KOSDAQ,에이티세미콘,반도체 제조업,반도체 PKG&TEST,2011-11-11,12월,김형준,http://www.atsemi.com,경기도,/g/11b_jz1dx
287,109960,KOSDAQ,에이프로젠 H&G,기타 전문 도매업,"모바일게임 퍼블리싱, 바이오의약품 연구개발업 및 판매, 생산설비 및 연구장비의 대여 및 판매",2009-11-13,12월,김재섭,http://www.aprogen-hng.com,경기도,에이프로젠 H&G
288,38870,KOSDAQ,에코바이오,사업시설 유지·관리 서비스업,"판매시점정보시스템(POS), 금전등록기",2001-05-29,12월,송효순,http://www.ecoenergyholdings.com,서울특별시,/g/11b_lh005
289,86520,KOSDAQ,에코프로,기타 화학제품 제조업,"환경소재,화학필터,이차전지소재등",2007-07-20,12월,이동채,http://www.ecopro.co.kr,충청북도,/g/11b7qnpvn4
290,38110,KOSDAQ,에코플라스틱,자동차 신품 부품 제조업,BUMPER 및 자동차TRIM류,2000-03-23,12월,"서영종,한상",http://WWW.AP.CO.KR,경상북도,에코플라스틱
291,73540,KOSDAQ,에프알텍,통신 및 방송 장비 제조업,이동통신용중계기,2007-05-18,12월,남재국,http://www.frtek.co.kr,경기도,/g/11byd0scv2
292,173940,KOSDAQ,에프엔씨엔터,창작 및 예술관련 서비스업,"콘서트, 음반/음원",2014-12-04,12월,"안석준, 한승훈(공동대표)",http://www.fncent.com,서울특별시,에프엔씨엔터
293,950130,KOSDAQ,엑세스바이오,의료용품 및 기타 의약 관련제품 제조업,"말라리아 진단키트(RDT), HIV 진단키트(RDT)",2013-05-30,12월,최영호,http://www.accessbio.net,미국,/g/11c6qs3tvy
294,205100,KOSDAQ,엑셈,소프트웨어 개발 및 공급업,"DB, E2E 성능관리 SW",2014-11-07,12월,조종암,http://www.ex-em.com,서울특별시,/g/11bc64gfdq
295,92870,KOSDAQ,엑시콘,특수 목적용 기계 제조업,반도체 검사장비,2015-10-22,12월,박상준,http://www.exicon.co.kr,경기도,/m/04kyvzk
296,217820,KOSDAQ,엔에스,특수 목적용 기계 제조업,2차전지 자동화 설비,2015-12-07,12월,이세용,http://www.cns2.co.kr,충청북도,/m/0v4gpmt
297,69410,KOSDAQ,엔텔스,소프트웨어 개발 및 공급업,운용지원솔루션,2007-06-20,12월,최영래,http://www.ntels.com,서울특별시,/g/1tc_c5pl
298,96870,KOSDAQ,엘디티,반도체 제조업,"OLED구동IC,LED구동IC,LCD구동IC",2008-05-02,12월,정재천,,충청남도,엘디티
299,61970,KOSDAQ,엘비세미콘,반도체 제조업,"골드범핑, 솔더범핑 등",2011-01-31,12월,박노만,http://www.lbsemicon.com,경기도,/g/11b_lsllc
300,138690,KOSDAQ,엘아이에스,특수 목적용 기계 제조업,"LGP Engraving M/C, Cell Sealing M/C",2011-06-02,12월,임태원,http://www.liser.co.kr,경기도,엘아이에스
301,66970,KOSDAQ,엘앤에프,일차전지 및 축전지 제조업,2차전지 양극활물질,2003-01-02,12월,최수안,http://www.landf.co.kr,대구광역시,엘앤에프
302,73110,KOSDAQ,엘엠에스,전자부품 제조업,프리즘시트,2007-10-12,12월,조성민,,경기도,엘엠에스
303,83310,KOSDAQ,엘오티베큠,특수 목적용 기계 제조업,반도체제조용진공펌프,2005-10-05,12월,오흥식,http://www.lotvacuum.com,경기도,엘오티베큠
304,37950,KOSDAQ,엘컴텍,전자부품 제조업,"BLU(Back Light Unit), CCM(Compact Camera Module), Display용 EL",2000-08-24,12월,김영훈,http://www.elcomtec.co.kr,경기도,/g/11b_k231s
305,170920,KOSDAQ,엘티씨,기초 화학물질 제조업,FPD(LCD/OLED) 및 반도체용 박리액,2013-10-08,12월,최호성,http://www.l-tech.co.kr,경기도,/g/11byd5wv9n
306,19590,KOSDAQ,엠벤처투자,신탁업 및 집합투자업,벤처캐피탈,1989-03-14,12월,"홍성혁, 천승욱",http://www.m-vc.co.kr,서울특별시,/g/11bycygtmx
307,9780,KOSDAQ,엠에스씨,기타 식품 제조업,식품첨가물,1993-10-12,12월,"김길제, 김호석",http://www.msckorea.com,경상남도,/m/0b34wb
308,123040,KOSDAQ,엠에스오토텍,자동차 신품 부품 제조업,자동차 차체 부품,2010-08-06,12월,김범준,http://ms-global.com,경상북도,/g/11b_kf3xm
309,32790,KOSDAQ,엠젠플러스,기계장비 및 관련 물품 도매업,"Bio 이종장기 사업, ICT 프린터 현상기",1997-06-26,12월,조상환,http://www.mgenplus.com,서울특별시,/g/11gyx9ykc
310,7530,KOSDAQ,영신금속,기타 금속 가공제품 제조업,"볼트, 나사",1994-08-05,12월,선지영,http://www.ysmic.co.kr,경기도,영신금속
311,143540,KOSDAQ,영우디에스피,특수 목적용 기계 제조업,OLED/LCD 디스플레이 검사장비,2014-10-29,12월,박금성,http://www.ywdsp.com,충청남도,영우디에스피
312,36560,KOSDAQ,영풍정밀,일반 목적용 기계 제조업,"펌프, 밸브, 주물",1999-12-28,12월,"최창규, 이한성(각자대표)",http://www.yppc.co.kr,서울특별시,/g/11byd1bz0j
313,53280,KOSDAQ,예스24,무점포 소매업,"도서,음반/DVD,화장품",2008-05-07,12월,김석환,,서울특별시,/m/0v4gqdm
314,122640,KOSDAQ,예스티,특수 목적용 기계 제조업,반도체 및 디스플레이 제조 장비,2015-12-16,12월,"장동복, 강임수 각자대표이사",http://www.yest.co.kr,경기도,/g/11bxd7qyx1
315,80520,KOSDAQ,오디텍,반도체 제조업,"광반도체, 소자 및 모듈",2007-10-08,12월,박병근,http://www.od-tech.com,전라북도,/g/11b_lf56p
316,46120,KOSDAQ,오르비텍,기타 과학기술 서비스업,"방사선안전관리, 항공기 정밀부품 제조 등",2010-06-15,12월,윤호식,http://orbitech.co.kr,서울특별시,오르비텍
317,65500,KOSDAQ,오리엔트정공,자동차 신품 부품 제조업,"하우징, 리테이너베어링",2002-09-19,12월,"장재진, 박영동",http://www.orientpi.co.kr,경상북도,/g/11vj0mjwl
318,10470,KOSDAQ,오리콤,광고업,광고대행,2000-10-24,12월,"고영섭, 김성대(각자 대표이사)",http://www.oricom.co.kr,서울특별시,오리콤
319,53980,KOSDAQ,오상자이엘,"컴퓨터 프로그래밍, 시스템 통합 및 관리업",CATIA Solution,2002-04-09,12월,"이국래,김선기(각자 대표이사)",http://www.osangjaiel.co.kr,인천광역시,/g/11b_lft9v
320,39200,KOSDAQ,오스코텍,의약품 제조업,"뼈이식재,건강식품소재",2007-01-17,12월,"김정근, 윤태영",http://www.oscotec.com,경기도,/g/11gz3kgjs
321,31510,KOSDAQ,오스템,자동차 신품 부품 제조업,휠,1997-02-12,12월,김정우,http://www.yyauto.co.kr,충청남도,/g/11bbrmt3jt
322,48260,KOSDAQ,오스템임플란트,의료용 기기 제조업,치과용임플란트,2007-02-07,12월,엄태관,http://www.osstem.com,서울특별시,/g/11bbrmt3jt
323,80580,KOSDAQ,오킨스전자,전자부품 제조업,반도체 검사용 소켓,2014-12-24,12월,전진국,http://www.okins.co.kr,경기도,/g/11b6wh6jl_
324,67170,KOSDAQ,오텍,자동차 재제조 부품 제조업,"냉동 및 내장탑차, 앰블란스",2003-11-14,12월,"강성희, 소남영(각자 대표이사)",http://www.autech.co.kr,충청남도,/g/11bwwl8392
325,57540,KOSDAQ,옴니시스템,"측정, 시험, 항해, 제어 및 기타 정밀기기 제조업; 광학기기 제외","전자식전력량계,설비미터,원격검침시스템",2007-09-19,12월,박혜린,http://www.omnisystem.co.kr,경기도,옴니시스템
326,67900,KOSDAQ,와이엔텍,폐기물 처리업,"사업장폐기물중간및최종처리,전문건설,골재제조",2005-12-23,12월,박지영,http://www.y-entec.co.kr,전라남도,와이엔텍
327,155650,KOSDAQ,와이엠씨,전자부품 제조업,"FPD 패널용 Target, Backing Plate 등",2012-11-15,12월,이윤용,http://www.ymc-inc.com,충청남도,/m/0wcyz94
328,193250,KOSDAQ,와이제이엠게임즈,전자부품 제조업,휴대폰용 진동모터,2014-12-29,12월,민용재,http://yjmgames.com,서울특별시,/g/11bc637tjs
329,122870,KOSDAQ,와이지엔터테인먼트,오디오물 출판 및 원판 녹음업,"음악 및 기타 오디오물 출판, 신인 아티스트 육성 및 매니지먼트",2011-11-23,12월,황보경,http://www.ygfamily.com,서울특별시,/m/082m25
330,32820,KOSDAQ,우리기술,"전동기, 발전기 및 전기 변환 · 공급 · 제어 장치 제조업","시스템사업, 정보통신사업",2000-06-22,12월,노갑선,http://www.wooritg.com,서울특별시,/g/11b86rkyms
331,41190,KOSDAQ,우리기술투자,기타 금융업,창업자에 대한 투자 및 융자,2000-06-09,12월,이정훈,http://www.wooricapital.co.kr,서울특별시,/g/11b86rkyms
332,72470,KOSDAQ,우리산업홀딩스,자동차 신품 부품 제조업,HVAC ACTUATOR (자동차 공조장치 부품 등),2003-10-28,12월,김명준,http://www.woory.com,경기도,우리산업홀딩스
333,153490,KOSDAQ,우리이앤엘,반도체 제조업,LED 패키지,2013-02-05,12월,"차기현,박길수",http://www.wooreeenl.co.kr,경기도,/g/1203mt2m8
334,66590,KOSDAQ,우수AMS,자동차 신품 부품 제조업,"엔진, 조향 및 기아변속기 부품",2003-02-12,12월,김선우,http://woosu.co.kr,경상남도,우수AMS
335,46940,KOSDAQ,우원개발,기반조성 및 시설물 축조관련 전문공사업,토공사,2002-06-18,12월,김기영,http://www.woowonerd.com,서울특별시,우원개발
336,18620,KOSDAQ,우진비앤지,의약품 제조업,"슈퍼티아, 안티펜SM",2008-05-20,12월,강석진,http://www.woogenebng.com,경기도,/g/11byd2tdfv
337,32940,KOSDAQ,원익,기계장비 및 관련 물품 도매업,"Quartz, HIC, 의료기기",1997-07-18,12월,장홍식,http://www.wonik.co.kr,경기도,/g/11bwytx3d3
338,104830,KOSDAQ,원익머트리얼즈,기초 화학물질 제조업,"저메인가스,디실란,아산화질소,암모니아 등",2011-12-28,12월,한우성,http://wimco.co.kr,충청북도,/g/11b_m6p26
339,14190,KOSDAQ,원익큐브,기타 전문 도매업,"MMA,BAM,PC,PP,목재,실란트,디지털인쇄기",1996-04-26,12월,문경수,http://www.wonikcube.com,경기도,/g/11b6bpk_v4
340,8370,KOSDAQ,원풍,플라스틱제품 제조업,플라스틱 필름,1992-12-18,12월,윤 기 로,http://www.wonpoong.co.kr,서울특별시,원풍
341,8290,KOSDAQ,원풍물산,봉제의복 제조업,남성용신사복,1997-07-18,12월,"이원기,이두식",http://www.wonpung.com,인천광역시,원풍물산
342,101160,KOSDAQ,월덱스,전자부품 제조업,반도체용링및전극,2008-06-19,12월,배종식,,경상북도,월덱스
343,65950,KOSDAQ,웰크론,직물직조 및 직물제품 제조업,"기능성 침구용품, 크리너, 필터, 방탄·방검복",2003-07-29,12월,이영규,http://www.welcron.com,서울특별시,/g/11b_k450v
344,69080,KOSDAQ,웹젠,소프트웨어 개발 및 공급업,3D 온라인게임 '뮤(MU)',2003-05-23,12월,김태영,http://company.webzen.com,경기도,/m/094x7_
345,44340,KOSDAQ,위닉스,가정용 기기 제조업,일반목적용 기계제조업,2000-10-24,12월,"윤희종, 윤철민",http://www.e-winix.co.kr,경기도,/g/11lrf2hwt3
346,112040,KOSDAQ,위메이드,소프트웨어 개발 및 공급업,미르의전설2,2009-12-18,12월,장현국,http://corp.wemade.com,경기도,/m/04l4d7
347,192390,KOSDAQ,윈하이텍,"구조용 금속제품, 탱크 및 증기발생기 제조업",데크 플레이트(건설용거푸집),2014-07-25,12월,변천섭,http://www.winhitech.co.kr,충청북도,/g/1q6jyrnqk
348,36200,KOSDAQ,유니셈,특수 목적용 기계 제조업,반도체장비(DryGasScrubber),1999-12-10,12월,"김형균,이양구(각자대표)",http://www.unisem.co.kr,경기도,/g/11bycytlxz
349,18000,KOSDAQ,유니슨,일반 목적용 기계 제조업,"풍력발전기, 풍력타워",1996-01-10,12월,허화도,http://www.unison.co.kr,경상남도,/g/120vzy81
350,89850,KOSDAQ,유비벨록스,소프트웨어 개발 및 공급업,"모바일플랫폼 및 모바일솔루션, 스마트카드 등",2010-06-18,12월,이흥복,http://www.veloxsoft.com,서울특별시,/g/11byd0s2xc
351,32620,KOSDAQ,유비케어,소프트웨어 개발 및 공급업,"의사랑,유팜,미소몰",1997-05-02,12월,이상경 대표이사,http://www.ubcare.co.kr,서울특별시,/g/11b_ksj0j
352,69330,KOSDAQ,유아이디,전자부품 제조업,"ITO COATING, GLASS LAMINATION",2003-08-18,12월,박종수 (대표이사),http://www.uidkorea.co.kr,충청북도,유아이디
353,49520,KOSDAQ,유아이엘,전자부품 제조업,"스마트폰 기구부품(키버튼,금속부품,부자재,악세서리 등)",2001-08-02,12월,이순영,http://www.e-uil.com,경기도,유아이엘
354,56090,KOSDAQ,유앤아이,의료용 기기 제조업,정형외과용 신체보정용 의료기기,2015-11-12,12월,"구자교,정준교,김정욱(각자대표)",http://www.youic.com,경기도,/g/11bxjh1964
355,23410,KOSDAQ,유진기업,"시멘트, 석회, 플라스터 및 그 제품 제조업",레미콘,1994-10-07,12월,최종성,http://www.eugenes.co.kr,경기도,/g/122389mj
356,178780,KOSDAQ,유테크,상품 종합 도매업,"도광판, 몰드프레임",2015-06-30,12월,이정태,http://www.u-tech.co.kr,경기도,/g/11bwqbcjrw
357,72770,KOSDAQ,율호,"컴퓨터 프로그래밍, 시스템 통합 및 관리업",무선인터넷플랫폼,2007-07-25,12월,이정남,http://www.neodian.co.kr,서울특별시,율호
358,67920,KOSDAQ,이글루시큐리티,기타 정보 서비스업,"통합보안관리솔루션, 보안관제서비스",2010-08-04,12월,이득춘,http://www.igloosec.co.kr,서울특별시,/g/11c6v3scy9
359,88390,KOSDAQ,이녹스,그외 기타 운송장비 제조업,"FPCB소재,반도체PKG소재,디스플레이소재,OLED소재",2006-10-20,12월,박정진,http://www.innoxcorp.com,충청남도,/g/11c2q0y8lk
360,53350,KOSDAQ,이니텍,소프트웨어 개발 및 공급업,정보보안 및 인증솔루션,2001-11-15,12월,강석모,http://www.initech.com,서울특별시,이니텍
361,80010,KOSDAQ,이상네트웍스,상품 중개업,기업간전자상거래서비스,2005-09-30,12월,김기배,http://www.e-sang.net,서울특별시,/g/11gz4pnw9
362,86890,KOSDAQ,이수앱지스,의료용품 및 기타 의약 관련제품 제조업,"항체치료제,효소치료제",2009-02-03,12월,이석주,http://www.abxis.com,경기도,/m/0nbddhl
363,47560,KOSDAQ,이스트소프트,소프트웨어 개발 및 공급업,"온라인게임(카발온라인),알툴즈S/W,스토리지S/W",2008-07-01,12월,정상원,,서울특별시,/m/064_cb
364,900110,KOSDAQ,이스트아시아홀딩스,기타 금융업,"스포츠화, 스포츠의류",2010-04-23,12월,"정강위, 정소영",http://www.qiuzhi.com,홍콩,이스트아시아홀딩스
365,102710,KOSDAQ,이엔에프테크놀로지,기타 화학제품 제조업,LCD/반도체용 케미칼,2009-05-28,12월,"지용석,김정수(각자대표)",http://www.enftech.com/,경기도,/g/11b_kf3lh
366,123570,KOSDAQ,이엠넷,광고업,온라인 검색광고 대행,2011-11-25,12월,김영원,http://www.emnet.co.kr,서울특별시,/g/11b_jly6b
367,95190,KOSDAQ,이엠코리아,특수 목적용 기계 제조업,CNC공작기계등,2007-10-29,12월,강삼수,http://www.yesemk.com,경상남도,/g/11vh_wmkg
368,91120,KOSDAQ,이엠텍,전자부품 제조업,"마이크로스피커,리시버",2007-05-02,12월,"정승규, 이석근",http://www.em-tech.co.kr,경상남도,/g/11b_k5j_j
369,88290,KOSDAQ,이원컴포텍,자동차 신품 부품 제조업,에어서스펜션 시트/일반고정형 시트/스프링서스펜션 시트,2009-12-01,12월,"이경훈, 홍진영(각자대표)",http://www.ewonseat.co.kr,전라북도,/g/11bc71_4vb
370,92130,KOSDAQ,이크레더블,기타 정보 서비스업,"전자신용인증서비스(정보),소프트웨어 개발",2008-10-24,12월,이진옥,http://www.ecredible.co.kr,서울특별시,이크레더블
371,96040,KOSDAQ,이트론,기타 전문 도매업,컴퓨터 및 주변장치 제조,2008-01-25,12월,김명종,http://www.e-trons.co.kr,서울특별시,/g/11bv3016h5
372,1840,KOSDAQ,이화공영,건물 건설업,도급공사,1994-11-23,12월,"최삼규,최종찬",http://www.ee-hwa.co.kr,서울특별시,/g/11b6czs9cl
373,24810,KOSDAQ,이화전기,"전동기, 발전기 및 전기 변환 · 공급 · 제어 장치 제조업",무정전전원공급장치,1994-12-29,12월,김성규,http://www.eti21.com,서울특별시,/g/11b87g6cq8
374,79950,KOSDAQ,인베니아,특수 목적용 기계 제조업,"Dry Etcher, 진공합착기, LCD Panel 검사장비, OLED용 진공합착기",2005-02-04,12월,구동범,http://www.inveniacorp.com,경기도,/g/11b_m88kj
375,33230,KOSDAQ,인성정보,"컴퓨터 프로그래밍, 시스템 통합 및 관리업",넷트워크 관련 장비 및 솔루션,1999-07-30,12월,원종윤,http://www.insunginfo.co.kr,서울특별시,/g/11c6qqnbf1
376,49070,KOSDAQ,인탑스,통신 및 방송 장비 제조업,휴대전화기용부품,2002-02-21,12월,"김근하, 정사진(각자대표)",http://WWW.INTOPS.CO.KR,경기도,/g/1ydxpryh9
377,119610,KOSDAQ,인터로조,의료용 기기 제조업,"콘텍트렌즈(소프트렌즈, 원데이렌즈, 하드렌즈 등)",2010-07-28,12월,노시철,http://interojo.com,경기도,/g/11b_lb44w
378,35080,KOSDAQ,인터파크,무점포 소매업,전자상거래,1999-07-05,12월,"이기형, 강동화(각자 대표이사)",http://www.interpark.com,서울특별시,/m/08rv6f
379,51370,KOSDAQ,인터플렉스,전자부품 제조업,연성회로기판(Flexible PCB),2003-01-22,12월,신일운,http://www.interflex.co.kr,경기도,/g/11gy_hwsf
380,64290,KOSDAQ,인텍플러스,특수 목적용 기계 제조업,"LED 외관검사장비, 반도체 외관검사장비, 태양전지 외관검사장비등",2011-01-05,12월,이상윤,http://www.intekplus.com,대전광역시,인텍플러스
381,150840,KOSDAQ,인트로메딕,의료용 기기 제조업,"캡슐내시경, 일회용 연성내시경",2013-12-19,12월,"조용석, 권혁찬 (각자대표이사)",http://www.intromedic.co.kr,서울특별시,/g/1yn581xsn
382,48530,KOSDAQ,인트론바이오,기초 의약물질 및 생물학적 제제 제조업,"바이오 신약, 분자진단제품, 동물용항생제대체재",2011-01-26,12월,"윤성준, 윤경원(각자대표)",http://www.intron.co.kr/,경기도,/g/11b_kh0q0
383,175140,KOSDAQ,인포마크,통신 및 방송 장비 제조업,"웨어러블 디바이스, 모바일 라우터",2015-09-23,12월,최혁,http://www.infomark.co.kr,경기도,/g/11bw624rl7
384,115310,KOSDAQ,인포바인,전기 통신업,휴대폰인증서보관서비스(UBIKey),2010-02-09,12월,권 성 준,http://www.infovine.co.kr,서울특별시,/g/11b_m479h
385,39290,KOSDAQ,인포뱅크,기타 정보 서비스업,"모바일메시징서비스,휴대폰단말기용S/W개발용역",2006-07-04,12월,박태형,http://www.infobank.net,경기도,/g/11byc_94p_
386,71200,KOSDAQ,인피니트헬스케어,소프트웨어 개발 및 공급업,의료영상저장전송시스템(PACS),2010-05-26,12월,"홍기태,김동욱",http://infinitt.com,서울특별시,/g/11cjkq0kp7
387,68330,KOSDAQ,일신바이오,일반 목적용 기계 제조업,초저온냉동고및동결건조기,2007-12-26,12월,홍성대,,경기도,/g/11b_kzf6w
388,19540,KOSDAQ,일지테크,자동차 신품 부품 제조업,"차체(라지에타, 팩케이지, 씨트 크로스, 대쉬 판넬)",1992-11-03,12월,"구본일,구준모(각자대표)",http://www.iljitech.co.kr,경상북도,일지테크
389,49550,KOSDAQ,잉크테크,기타 화학제품 제조업,"잉크젯프린터용 잉크카트리지, 재충전 잉크",2002-02-28,12월,"정광춘, 양종상(각자 대표)",http://kr.inktec.com,경기도,/g/11b60qsghb
390,43910,KOSDAQ,자연과환경,환경 정화 및 복원업,"스테인레스파이프, 다공성식생블록,조경원예자재",2005-11-18,12월,이병용,http://www.e-nne.co.kr,충청남도,자연과환경
391,49630,KOSDAQ,재영솔루텍,사진장비 및 광학기기 제조업,플라스틱 사출금형,2003-01-24,12월,"김학권,김승재(각자 대표이사)",http://www.jysolutec.com,인천광역시,재영솔루텍
392,22220,KOSDAQ,정산애강,플라스틱제품 제조업,"PB/CPVC 파이프, 연결구",2006-04-11,12월,황광식,http://www.jsak.co.kr,충청북도,정산애강
393,45510,KOSDAQ,정원엔시스,"컴퓨터 프로그래밍, 시스템 통합 및 관리업","SI(시스템통합) 관련 소프트웨어, 중.대형 고속 레이져 프린터",2000-09-07,12월,"한덕희, 김정찬, 김영주(각자 대표)",http://www.zungwon.co.kr,서울특별시,/g/11b_m1j9h
394,217190,KOSDAQ,제너셈,특수 목적용 기계 제조업,반도체 후공정 장비,2015-09-25,12월,한복우,http://www.genesem.com,인천광역시,/g/11bw72q66g
395,95700,KOSDAQ,제넥신,자연과학 및 공학 연구개발업,항체융합단백질 치료제 및 유전자치료 백신개발,2009-09-15,12월,우정원,http://genexine.com,경기도,/g/11bc72k7wz
396,187420,KOSDAQ,제노포커스,기초 의약물질 및 생물학적 제제 제조업,산업용 효소,2015-05-29,12월,김의중,http://www.genofocus.com,대전광역시,제노포커스
397,159580,KOSDAQ,제로투세븐,생활용품 도매업,유아동복 및 용품,2013-02-19,12월,"김정민, 이충하 (각자 대표이사)",http://www.0to7.com,서울특별시,/g/11byc_tx4s
398,147830,KOSDAQ,제룡산업,"구조용 금속제품, 탱크 및 증기발생기 제조업",송배전 금구류 및 합성수지 제품,2012-02-13,12월,박종태,http://www.cheryong.co.kr,서울특별시,/g/11dxf30wsk
399,33100,KOSDAQ,제룡전기,"전동기, 발전기 및 전기 변환 · 공급 · 제어 장치 제조업","송배전용금구류,변압기",1997-08-18,12월,박종태,http://www.cheryong.co.kr,서울특별시,제룡전기
400,54950,KOSDAQ,제이브이엠,일반 목적용 기계 제조업,"전자동 정제,분류 및 포장시스템",2006-06-07,12월,이용희,http://www.myjvm.com,대구광역시,제이브이엠
401,137950,KOSDAQ,제이씨케미칼,기타 화학제품 제조업,"바이오디젤, 바이오중유 등",2011-08-08,12월,"윤사호, 이종응",http://www.jcchemical.co.kr,울산광역시,/g/12fgqd5r2
402,33320,KOSDAQ,제이씨현시스템,기계장비 및 관련 물품 도매업,"메인보드, 그래픽카드",1997-11-10,12월,차중석,http://www.jchyun.com,서울특별시,/g/122vlsf2
403,26040,KOSDAQ,제이에스티나,귀금속 및 장신용품 제조업,"주얼리,가죽제품,손목시계",1999-12-21,12월,"대표이사 김유미, 장호선 각자대표",http://www.jestina.co.kr,서울특별시,/g/121rpv4t
404,33050,KOSDAQ,제이엠아이,기록매체 복제업,CD복제품,1997-08-18,12월,정광훈,http://www.jmikorea.co.kr,경기도,제이엠아이
405,94970,KOSDAQ,제이엠티,전자부품 제조업,LCD패널용PBA,2007-10-12,12월,"정수연, 정도연(각자대표)",,경기도,/g/11gyyq6_n
406,52670,KOSDAQ,제일바이오,의약품 제조업,동물사료첨가제,2002-01-24,12월,심광경,http://www.cheilbio.com,경기도,/g/11b6d2scs7
407,23440,KOSDAQ,제일제강,1차 철강 제조업,"연강선재, 경강선재, CHQ외",1994-10-07,12월,한상민,http://www.jeilsteel.co.kr,경기도,/g/11b6bwpdmk
408,38010,KOSDAQ,제일테크노스,"구조용 금속제품, 탱크 및 증기발생기 제조업",DECK PLATE,2000-01-11,12월,"나주영,최재우",http://www.jeil21c.co.kr,경상북도,제일테크노스
409,80220,KOSDAQ,제주반도체,반도체 제조업,"모바일용 LP DDR SDRAM, CRAM, SRAM",2005-02-01,12월,"박성식, 조형섭(각자 대표)",http://www.jeju-semi.com,제주특별자치도,/m/0ryrl_w
410,82270,KOSDAQ,젬백스,특수 목적용 기계 제조업,"ChemicalAirFilter,GasScrubber",2005-06-24,12월,"김상재, 송형곤",http://www.kael.co.kr,대전광역시,/g/11dxpkdttj
411,44060,KOSDAQ,조광ILI,일반 목적용 기계 제조업,"안전밸브,스팀트랩",2001-01-18,12월,김우동,http://www.jokwang.co.kr,경상남도,조광ILI
412,34940,KOSDAQ,조아제약,의약품 제조업,"의약품,의약부외품,보건보조식품,위생용품의제조판매",1999-08-13,12월,"조성환, 조성배(각자대표)",http://www.choa.co.kr,서울특별시,/g/11b_lw5p7
413,67000,KOSDAQ,조이시티,소프트웨어 개발 및 공급업,온라인게임(프리스타일농구),2008-05-30,12월,조성원,http://www.joycity.com,경기도,/g/1ygbcf_lg
414,33340,KOSDAQ,좋은사람들,봉제의복 제조업,패션내의,1997-11-03,12월,-,http://www.goodpeople.co.kr,서울특별시,좋은사람들
415,43610,KOSDAQ,지니뮤직,"자료처리, 호스팅, 포털 및 기타 인터넷 정보매개 서비스업",디지털 음악 서비스 및 음원유통,2000-07-20,12월,조훈,http://www.geniemusic.co.kr,서울특별시,/g/11gyxk3s1
416,114570,KOSDAQ,지스마트글로벌,상품 종합 도매업,CMOS 이미지센서,2010-02-04,12월,이주석,,서울특별시,/g/11gywl79w
417,53050,KOSDAQ,지에스이,연료용 가스 제조 및 배관공급업,도시가스,2001-10-11,12월,유석형,http://www.yesgse.com,경상남도,/g/11cs9lxsy0
418,119850,KOSDAQ,지엔씨에너지,"전동기, 발전기 및 전기 변환 · 공급 · 제어 장치 제조업","비상발전기, 소형열병합발전설비, 바이오가스발전설비",2013-10-02,12월,안병철,http://www.gncenergy.co.kr,서울특별시,/g/12v_bhyqz
419,204840,KOSDAQ,지엘팜텍,자연과학 및 공학 연구개발업,의약품 연구개발업,2014-11-20,12월,왕훈식,http://www.glpt.co.kr,경기도,/g/11bc5np68_
420,115450,KOSDAQ,지트리비앤티,기타 전문 도매업,"임베디드 GUI 미들웨어 FXUI-2D, FXUI-3D",2010-03-26,12월,안기홍,,경기도,/g/11b_l7hbm
421,109820,KOSDAQ,진매트릭스,자연과학 및 공학 연구개발업,"B형간염치료제 내성진단,C형간염바이러스 유전형진단, 자궁경부암유발바이러스 유전형진단",2009-11-06,12월,김수옥,http://www.genematrix.net,경기도,/m/0cnzw1_
422,86060,KOSDAQ,진바이오텍,동물용 사료 및 조제식품 제조업,"펩소이젠(식물성단백질),바이오스타치(가공전분),나투포멘(친환경생균제),락토케어(항생제대체형미생물제제)등",2006-04-28,12월,이찬호,http://www.genebiotech.co.kr,충청남도,진바이오텍
423,36890,KOSDAQ,진성티이씨,특수 목적용 기계 제조업,트랙롤라. 플로팅 씰,2000-07-20,12월,"윤성수, 윤준수(공동대표이사)",http://www.jinsungtec.com,경기도,진성티이씨
424,7370,KOSDAQ,진양제약,의약품 제조업,"소부날, 옥티란",2000-07-27,12월,최재준,http://www.jinyangpharm.co.kr,서울특별시,진양제약
425,85660,KOSDAQ,차바이오텍,기초 의약물질 및 생물학적 제제 제조업,"세포치료제 개발, 제대혈 보관 등",2005-12-27,12월,오상훈 (단독대표),http://www.chabio.com,서울특별시,/g/11b8733n82
426,4650,KOSDAQ,창해에탄올,알코올음료 제조업,"주정(발효주정, 정제주정) 등",2014-07-30,12월,"임성우, 이연희",http://www.chethanol.com,전라북도,/g/1q6lkyg3f
427,96240,KOSDAQ,청담러닝,일반 교습 학원,청담어학원,2008-06-27,12월,이충국,http://www.chungdahm.com,서울특별시,/m/0bwkw31
428,71850,KOSDAQ,캐스텍코리아,자동차 신품 부품 제조업,자동차용 터보차저 부품,2014-05-27,12월,윤상원,http://www.castec.co.kr,부산광역시,캐스텍코리아
429,50110,KOSDAQ,캠시스,전자부품 제조업,휴대폰용 카메라모듈,2001-05-17,12월,박영태 (단일대표),http://www.cammsys.net,인천광역시,/g/11b_kzfjt
430,78340,KOSDAQ,컴투스,소프트웨어 개발 및 공급업,모바일게임,2007-07-06,12월,"송재준, 이주환",http://www.com2us.com,서울특별시,/m/02ppkny
431,214370,KOSDAQ,케어젠,기초 의약물질 및 생물학적 제제 제조업,"성장인자, 바이오미메틱펩타이드 기반 안면, 두피, 바디 코스메슈티컬 제품",2015-11-17,12월,정용지,http://caregen.co.kr,경기도,/g/11bwysbl3v
432,115500,KOSDAQ,케이씨에스,"컴퓨터 프로그래밍, 시스템 통합 및 관리업",컴퓨터시스템 통합 구축 및 철도 도로 교통인프라,2010-04-14,12월,이호성,http://www.kcins.co.kr,경상북도,/g/11gyxc88x
433,25880,KOSDAQ,케이씨피드,동물용 사료 및 조제식품 제조업,사료,1995-07-07,12월,"정한식, 김희철(각자 대표이사)",http://www.kcfeed.co.kr,경상북도,케이씨피드
434,93320,KOSDAQ,케이아이엔엑스,"자료처리, 호스팅, 포털 및 기타 인터넷 정보매개 서비스업",인터넷연동서비스 등,2011-02-08,12월,김지욱,http://www.kinx.net,서울특별시,/g/11gz1v91l
435,73010,KOSDAQ,케이에스피,일반 목적용 기계 제조업,"선박용엔진밸브,형단조품",2004-12-17,12월,이범호,http://www.kspvalve.com,부산광역시,케이에스피
436,39420,KOSDAQ,케이엘넷,전기 통신업,EC/EDI,2002-03-12,12월,정지원,http://www.klnet.co.kr,서울특별시,/g/1q60_9wcn
437,83550,KOSDAQ,케이엠,기타 섬유제품 제조업,클린룸용Wiper,2005-12-20,12월,신병순,http://kmbiz.com,강원도,/g/11gy_5b05
438,32500,KOSDAQ,케이엠더블유,통신 및 방송 장비 제조업,RF 부품 및 중계기,2000-03-21,12월,김덕용,http://www.kmw.co.kr,경기도,케이엠더블유
439,24880,KOSDAQ,케이피에프,기타 금속 가공제품 제조업,볼트류,1994-12-29,12월,"송무현, 김형노",http://www.kpf.co.kr,경기도,케이피에프
440,89010,KOSDAQ,켐트로닉스,기타 화학제품 제조업,"Touch IC 및 PBA, TG, EMC",2007-01-17,12월,김 보 균,http://www.chemtronics.co.kr,세종특별자치시,켐트로닉스
441,52400,KOSDAQ,코나아이,소프트웨어 개발 및 공급업,"전자화폐, 단말기, 수집/정산시스템",2001-10-18,12월,조정일,http://www.konai.co.kr,서울특별시,/g/112yd2x8b
442,224060,KOSDAQ,코디엠,특수 목적용 기계 제조업,"반도체 및 평판디스플레이 제조용 장비(IRIS, LOZIX, HP/CP)",2015-12-29,12월,황정훈,http://www.kodi-m.com,충청남도,코디엠
443,104540,KOSDAQ,코렌텍,의료용 기기 제조업,"인공고관절, 인공슬관절 등",2013-03-05,12월,"선두훈,선승훈,선경훈(각자 대표이사)",http://www.corentec.com,충청남도,/g/124s6jzx4
444,123410,KOSDAQ,코리아에프티,자동차 신품 부품 제조업,"캐니스터,플라스틱필러넥,의장부품",2010-08-27,12월,"오원석, 김재산(각자 대표이사)",http://www.kftec.com,경기도,/g/11b_m3sd2
445,49430,KOSDAQ,코메론,"측정, 시험, 항해, 제어 및 기타 정밀기기 제조업; 광학기기 제외","줄자, 냉간압연",2001-01-16,12월,강동헌,http://www.komelon.co.kr,부산광역시,/m/0fp6x1
446,166480,KOSDAQ,코아스템,의약품 제조업,줄기세포 치료제,2015-06-26,12월,김경숙,http://www.corestem.com,경기도,/g/11bw5196r4
447,29960,KOSDAQ,코엔텍,폐기물 처리업,산업폐기물 소각/매립처리,2004-06-18,12월,이민석,http://www.koentec.co.kr,울산광역시,코엔텍
448,102940,KOSDAQ,코오롱생명과학,기초 의약물질 및 생물학적 제제 제조업,"항균제, 수처리제, 원료의약 등",2009-04-07,12월,이우석,,서울특별시,/g/11bc729pjh
449,33290,KOSDAQ,코웰패션,"섬유, 의복, 신발 및 가죽제품 소매업","의복, 잡화, 콘덴서",1997-10-13,12월,"최용석, 임종민",http://www.cowellfashion.co.kr,경기도,/g/121w6swk
450,121850,KOSDAQ,코이즈,플라스틱제품 제조업,"보호필름, 도광판, 백코팅",2012-09-27,12월,조재형,http://www.koyj.co.kr,충청북도,/g/1hfsy9gq5
451,200130,KOSDAQ,콜마비앤에이치,기초 의약물질 및 생물학적 제제 제조업,건강기능식품,2014-07-23,12월,"정화영,윤여원 (공동 대표이사)",http://www.kolmarbnh.co.kr,세종특별자치시,/g/1q6hc4st0
452,51780,KOSDAQ,큐로홀딩스,음·식료품 및 담배 소매업,"DTIS, Probe Card, H.F PCB",2001-06-26,12월,조중기,http://www.curoholdings.com,서울특별시,큐로홀딩스
453,66310,KOSDAQ,큐에스아이,반도체 제조업,레이저다이오드(LaserDiode),2006-11-24,12월,이청대,http://www.qsilaser.com,충청남도,큐에스아이
454,16600,KOSDAQ,큐캐피탈,기타 금융업,"사모투자(PEF),벤처투자",1993-06-21,12월,황희연,http://www.qcapital.co.kr,서울특별시,/g/11b823krvh
455,43590,KOSDAQ,크로바하이텍,반도체 제조업,"DRIVER-IC,DDI Package,트랜스포머,코일",2001-12-20,12월,"안호철, 김준목 (각자대표이사)",http://www.cloverhitech.com,경기도,크로바하이텍
456,114120,KOSDAQ,크루셜텍,전자부품 제조업,"바이오메트릭 트랙패드, 옵티컬 트랙패드, 모바일 플래시 모듈/PL렌즈",2010-07-21,12월,안건준,http://crucialtec.com,경기도,/m/0gyscqy
457,83790,KOSDAQ,크리스탈지노믹스,자연과학 및 공학 연구개발업,신개념항생제(전임상),2006-01-06,12월,조중명,http://www.cgxinc.com,경기도,/g/11byd0p9c2
458,45520,KOSDAQ,크린앤사이언스,일반 목적용 기계 제조업,자동차용 여과지,2000-12-05,12월,곽규범,http://www.cands.co.kr,서울특별시,크린앤사이언스
459,54780,KOSDAQ,키이스트,"영화, 비디오물, 방송프로그램 제작 및 배급업",멀티미디어 SI,2003-11-14,12월,박성혜,http://www.keyeast.co.kr,서울특별시,/m/0w0q4m9
460,219130,KOSDAQ,타이거일렉,전자부품 제조업,인쇄회로기판 제조업,2015-09-25,12월,이경섭(단독 대표이사),http://www.tigerelec.com,인천광역시,타이거일렉
461,65130,KOSDAQ,탑엔지니어링,특수 목적용 기계 제조업,LCD Cell Line 자동화 장치,2003-01-29,12월,류도현,http://www.topengnet.com,경상북도,/g/11ggr7rwfq
462,23160,KOSDAQ,태광,1차 철강 제조업,"각종 배관자재, 관이음쇠류 제조 및 판매",1994-09-07,12월,윤 성 덕,http://www.tkbend.co.kr,부산광역시,/m/0ftvfh
463,191420,KOSDAQ,테고사이언스,기초 의약물질 및 생물학적 제제 제조업,피부세포치료제,2014-11-06,12월,전세화,http://www.tegoscience.com,서울특별시,/g/11b6g27sf7
464,131970,KOSDAQ,테스나,"그외 기타 전문, 과학 및 기술 서비스업",반도체 테스트,2013-10-22,12월,이종도,http://www.tesna.co.kr,경기도,/g/12z880nxf
465,89030,KOSDAQ,테크윙,특수 목적용 기계 제조업,"반도체테스트핸들러,C.O.K(Change Over Kit)",2011-11-10,12월,나윤성,http://techwing.co.kr,경기도,/g/11_p58ymg
466,54450,KOSDAQ,텔레칩스,반도체 제조업,"디지털미디어프로세서,발신자정보표시칩",2004-12-10,12월,이장규,http://www.telechips.com,서울특별시,/m/0l8n3sn
467,91440,KOSDAQ,텔레필드,통신 및 방송 장비 제조업,광전송장비,2008-02-01,12월,박노택,http://www.telefield.com,경기도,/g/11b_l7tf3
468,51360,KOSDAQ,토비스,영상 및 음향기기 제조업,Gaming모니터,2004-11-19,12월,"김 용 범, 하 희 조",http://www.tovism.com,인천광역시,/g/11c6qrtnrx
469,108230,KOSDAQ,톱텍,특수 목적용 기계 제조업,디스플레이 자동화설비,2009-09-15,12월,이재환,http://toptec.co.kr,경상북도,/g/11c6r35_yl
470,79970,KOSDAQ,투비소프트,소프트웨어 개발 및 공급업,"MiPlatform, X Platform",2010-06-01,12월,"이경찬, 장선수 각자대표",http://www.tobesoft.com,서울특별시,/g/121m8706
471,105550,KOSDAQ,트루윈,전자부품 제조업,"자동차용 센서(APS, TPS, IAPS, SLS)",2014-07-11,12월,남용현,http://www.truwin.co.kr,대전광역시,트루윈
472,26150,KOSDAQ,특수건설,토목 건설업,보링,1997-08-06,12월,"김중헌, 김도헌 (각자 대표이사)",http://www.tuksu.co.kr,서울특별시,/g/11b6d0k09f
473,131290,KOSDAQ,티에스이,"측정, 시험, 항해, 제어 및 기타 정밀기기 제조업; 광학기기 제외","Probe Card, Test Interface Board, LED Test Equipment",2011-01-05,12월,"김철호, 오창수",http://www.tse21.com,충청남도,/g/11gz2p58h
474,62860,KOSDAQ,티엘아이,반도체 제조업,LCDTV및모니터용TimingController,2006-07-25,12월,김달수,http://www.tli.co.kr,경기도,/m/0nbf6kt
475,81150,KOSDAQ,티플랙스,기타 금속 가공제품 제조업,"스텐레스봉,판(열간제품) 제조,도매",2009-04-23,12월,김영국,http://www.tplex.co.kr,경기도,티플랙스
476,130740,KOSDAQ,티피씨글로벌,자동차 신품 부품 제조업,"정밀인발강관, 정밀강관, Water pipe, Filler Neck 등",2011-02-08,12월,이정훈,,경상북도,티피씨글로벌
477,46210,KOSDAQ,파나진,의료용품 및 기타 의약 관련제품 제조업,의료용품및 기타 의약관련 제품 제조업,2000-08-16,12월,김성기,http://www.panagene.com,대전광역시,/g/11byd1c01y
478,33540,KOSDAQ,파라텍,특수 목적용 기계 제조업,소방기기,1997-12-26,12월,정광원,http://www.paradise-ind.co.kr,경기도,/g/11b_k_9tq
479,214450,KOSDAQ,파마리서치,의료용품 및 기타 의약 관련제품 제조업,재생의약품,2015-07-24,12월,각자대표이사 강기석 각자대표이사 김신규,http://pharmaresearch.co.kr,강원도,/g/11bwqbgvhy
480,177830,KOSDAQ,파버나인,전자부품 제조업,"알루미늄 소재 TV 외관재(프레임, 스탠드)",2014-08-04,12월,이제훈,http://www.pavonine.net,인천광역시,/g/11b5ph7p9c
481,150900,KOSDAQ,파수,소프트웨어 개발 및 공급업,기업용 문서보안 솔루션,2013-10-18,12월,조규곤,http://www.fasoo.com,서울특별시,/g/1223qzcc
482,170790,KOSDAQ,파이오링크,통신 및 방송 장비 제조업,"ADC(서버부하 분산장치), 보안스위치, 웹방화벽",2013-08-01,12월,조영철,http://www.piolink.com,서울특별시,/m/09gpzfv
483,38950,KOSDAQ,파인디지털,통신 및 방송 장비 제조업,"원격 RF 감시장치, 디지털 광 중계기, 노드분배기",2000-05-04,12월,김용훈,http://www.finedigital.com,경기도,/g/11b_k7pbl
484,106240,KOSDAQ,파인테크닉스,통신 및 방송 장비 제조업,"휴대폰부품, 소형LCD부품, LED조명기기",2009-03-16,12월,"김근우,이재규",http://www.finetechnix.com,경기도,/g/11b_m1c2q
485,131760,KOSDAQ,파인텍,특수 목적용 기계 제조업,OLED 제조장비,2015-08-17,12월,강원일,,서울특별시,/g/11bvv_1rgj
486,140860,KOSDAQ,파크시스템스,"측정, 시험, 항해, 제어 및 기타 정밀기기 제조업; 광학기기 제외",연구용 및 산업용 원자현미경,2015-12-17,12월,박상일,http://www.parkafm.co.kr,경기도,/m/09g8dvm
487,91700,KOSDAQ,파트론,전자부품 제조업,"카메라모듈, 안테나, 센서류 등",2006-12-13,12월,"김종구, 김종태",http://www.partron.co.kr,경기도,/g/11b_m77b_
488,32800,KOSDAQ,판타지오,창작 및 예술관련 서비스업,교육서비스,1997-06-26,12월,"박종진, 신영진",http://fantagio.kr,서울특별시,/m/010pgss8
489,27710,KOSDAQ,팜스토리,동물용 사료 및 조제식품 제조업,사료,1996-07-06,12월,"편명식, 배수한(각자대표)",http://www.dodrambnf.co.kr,서울특별시,/g/112ycsg3k
490,68050,KOSDAQ,팬엔터테인먼트,"영화, 비디오물, 방송프로그램 제작 및 배급업","방송영상물,음반",2006-07-07,12월,박영석,http://www.thepan.co.kr,서울특별시,/g/11vj0fjdg
491,87010,KOSDAQ,펩트론,기초 의약물질 및 생물학적 제제 제조업,약효지속성 의약품 및 펩타이드 소재,2015-07-22,12월,최호일,http://www.peptron.co.kr,대전광역시,/m/0nbfmhs
492,22100,KOSDAQ,포스코 ICT,"건축기술, 엔지니어링 및 관련 기술 서비스업","SI(System Integration), DVR(Digital Video Recorder)",2000-11-28,12월,정덕균,http://www.poscoict.co.kr,경상북도,/g/120n_lvr
493,9520,KOSDAQ,포스코엠텍,1차 철강 제조업,철강포장용역 및 Al탈산제 생산,1997-11-10,12월,이희근,http://www.poscomtech.com,경상북도,/g/11cfjnq04
494,189690,KOSDAQ,포시에스,소프트웨어 개발 및 공급업,기업용 리포팅 소프트웨어 솔루션(OZ-Report 등),2015-02-11,06월,박미경,http://www.forcs.com,서울특별시,/g/11b75n43tw
495,5670,KOSDAQ,푸드웰,"과실, 채소 가공 및 저장 처리업","깐밤, 통조림류, 딸기시럽류, 음료제품 등",1993-12-07,12월,"성기준, 성민겸",http://www.foodwell.com,대구광역시,푸드웰
496,93380,KOSDAQ,풍강,기타 금속 가공제품 제조업,자동차용너트류,2007-06-01,08월,김진용,http://www.pungkang.co.kr,경기도,풍강
497,23900,KOSDAQ,풍국주정,알코올음료 제조업,발효주정,1994-11-23,12월,"이한용, 김규호(각자 대표이사)",http://www.pungguk.com,대구광역시,풍국주정
498,35200,KOSDAQ,프럼파스트,플라스틱제품 제조업,주택건설용 플라스틱 배관,2002-01-15,12월,원재희,http://www.plumbfast.co.kr,대전광역시,프럼파스트
499,203690,KOSDAQ,프로스테믹스,기초 의약물질 및 생물학적 제제 제조업,화장품,2014-09-30,12월,"박병순, 최은욱",http://www.prostemics.com,서울특별시,프로스테믹스
500,51380,KOSDAQ,피씨디렉트,기계장비 및 관련 물품 도매업,"스토리지(HDD), 프로세서(CPU), Memory, Monitor등",2002-02-15,12월,서대식,http://www.pcdirect.co.kr,서울특별시,피씨디렉트
501,2230,KOSDAQ,피에스텍,"측정, 시험, 항해, 제어 및 기타 정밀기기 제조업; 광학기기 제외",자동차부품,1991-01-04,12월,김 형 민,http://www.pstec.co.kr,서울특별시,/g/11b6dz_j72
502,137400,KOSDAQ,피엔티,특수 목적용 기계 제조업,2차전지 및 전자소재용 Roll-to-Roll 장비,2012-07-06,12월,김준섭,http://www.epnt.co.kr,경상북도,/g/11bwf3d924
503,87600,KOSDAQ,픽셀플러스,전자부품 제조업,CMOS 이미지센서 및 칩셋,2015-06-12,12월,이서규,http://www.pixelplus.com,경기도,/m/03p2zhk
504,67310,KOSDAQ,하나마이크론,반도체 제조업,"반도체패키징,IOT",2005-10-11,12월,이동철,http://www.hanamicron.co.kr,충청남도,/m/0l8d655
505,136480,KOSDAQ,하림,"도축, 육류 가공 및 저장 처리업","육계, 육계가공식품",2011-05-02,12월,"김홍국, 박길연, 윤석춘(각자대표)",,전라북도,/m/0nbgzdw
506,13030,KOSDAQ,하이록코리아,1차 철강 제조업,관이음쇠,1989-12-15,12월,"문휴건, 문창환 각자대표이사",http://www.hy-lok.com,부산광역시,/g/11dx9hylm1
507,126700,KOSDAQ,하이비젼시스템,사진장비 및 광학기기 제조업,카메라모듈 제조검사용 장비,2010-09-10,12월,최 두 원,http://www.hyvision.co.kr,경기도,/g/11b6dwssdp
508,106080,KOSDAQ,하이소닉,전자부품 제조업,휴대폰 카메라용 Auto Focus Actuator,2010-02-09,12월,박광제,http://www.hysonic.com,경기도,/g/11b_l8rch
509,106190,KOSDAQ,하이텍팜,기타 전문 도매업,주사제용 무균 원료의약품(Sterile Imipenem 외),2010-07-28,12월,김정수,http://www.htpharm.com,충청북도,/g/11gyzq9b1
510,34950,KOSDAQ,한국기업평가,기타 사업지원 서비스업,"신용평가, 컨설팅, 위험관리솔루션",2002-02-07,12월,김기범,http://www.korearatings.com,서울특별시,/g/11gyysw12
511,222980,KOSDAQ,한국맥널티,기타 식품 제조업,커피 및 의약품,2015-12-23,12월,이은정,http://www.mcnultykorea.co.kr,충청남도,/g/11bxfzb3nd
512,63570,KOSDAQ,한국전자금융,기타 사업지원 서비스업,"ATM관리사업,CD-VAN사업",2006-07-14,12월,구자성,http://www.nicetcm.co.kr,서울특별시,/g/11byd5rl07
513,41460,KOSDAQ,한국전자인증,소프트웨어 개발 및 공급업,"개인용이메일 보안,인증업무,전자상거래관련 인증서비스/기업용 인증솔루션 제공",2010-11-19,12월,신홍식,http://www.crosscert.com,서울특별시,/g/12bffwf93
514,39740,KOSDAQ,한국정보공학,기타 전문 도매업,"그룹웨어, 자료관리시스템",2000-07-06,12월,유용석,http://www.kies.co.kr,경기도,/g/11b6bpx2gx
515,53300,KOSDAQ,한국정보인증,소프트웨어 개발 및 공급업,"공인인증서, PKI솔루션 등",2014-02-04,12월,김상준,http://www.signgate.com,경기도,/g/1yy3vn41p
516,25770,KOSDAQ,한국정보통신,전기 통신업,"신용카드부가통신업(VAN),전자지급결제대행업(PG)",1998-01-20,12월,임명수,http://www.kicc.co.kr,서울특별시,/g/11b6dnp04_
517,54040,KOSDAQ,한국컴퓨터,전자부품 제조업,PCB Assembly (PBA),2002-01-15,12월,강창귀,http://www.kci.co.kr,경상북도,/g/11vh_zy8t
518,53590,KOSDAQ,한국테크놀로지,자동차 신품 부품 제조업,신재생에너지관련장비,2001-08-23,12월,"신용구, 이병길(공동 대표이사)",http://www.myht.co.kr,서울특별시,/g/11b_lctc9
519,30520,KOSDAQ,한글과컴퓨터,소프트웨어 개발 및 공급업,오피스소프트웨어,1996-09-24,12월,"변성준, 김연수 (각자대표)",http://www.hancom.com,경기도,/m/09dqnf
520,92460,KOSDAQ,한라IMS,선박 및 보트 건조업,"선용원격자동측정시스템,선용원격자동경보시스템",2007-05-22,12월,"지석준, 김영구",http://www.hanlalevel.co.kr,부산광역시,/g/11bc72rlhc
521,47080,KOSDAQ,한빛소프트,소프트웨어 개발 및 공급업,"게임(스타크래프트 등), 교육, 솔루션",2002-01-10,12월,이승현,http://www.hanbitsoft.co.kr,서울특별시,/m/06jgbn
522,70590,KOSDAQ,한솔인티큐브,"컴퓨터 프로그래밍, 시스템 통합 및 관리업",기업통신 및 무선인터넷,2004-01-08,12월,류창성,http://www.hansolinticube.com,서울특별시,한솔인티큐브
523,42520,KOSDAQ,한스바이오메드,의료용품 및 기타 의약 관련제품 제조업,"인체이식용조직(인조피부,인조뼈),의료용시술재료(가슴보형물)",2009-10-09,09월,김근영,http://hansbiomed.com,서울특별시,/g/11byd5p8gh
524,78350,KOSDAQ,한양디지텍,반도체 제조업,메모리 모듈,2004-05-14,12월,김형육/김윤상 각자대표,http://www.hanyangdgt.com,경기도,한양디지텍
525,45100,KOSDAQ,한양이엔지,"건축기술, 엔지니어링 및 관련 기술 서비스업",반도체배관설비,2000-08-31,12월,"김형육,김덕림(공동대표이사)",http://www.hanyangkorea.com,경기도,한양이엔지
526,46110,KOSDAQ,한일네트웍스,"자료처리, 호스팅, 포털 및 기타 인터넷 정보매개 서비스업",서비스ASP,2006-01-20,12월,박지훈,http://www.hanilnetworks.com,서울특별시,/g/11c1vbfzwr
527,24740,KOSDAQ,한일단조,자동차 신품 부품 제조업,단조품,1996-11-29,12월,권병호,http://www.hifg.co.kr,충청북도,한일단조
528,5860,KOSDAQ,한일사료,동물용 사료 및 조제식품 제조업,배합사료,1994-11-07,12월,차상협,http://www.hanilfeed.com,경기도,한일사료
529,123840,KOSDAQ,한일진공,특수 목적용 기계 제조업,진공장비,2010-10-05,12월,"김지훈, 이청균",http://www.vacuum-coater.com,인천광역시,한일진공
530,79170,KOSDAQ,한창산업,1차 비철금속 제조업,"아연말,리튬브로마이드,산화망간,인산아연",2005-02-01,12월,"강호익, 강상균(각자대표)",http://www.hanchem.com,경기도,한창산업
531,2680,KOSDAQ,한탑,"곡물가공품, 전분 및 전분제품 제조업","소맥분(밀가루),배합사료",1995-07-07,12월,하상경,http://www.hantop.com,부산광역시,/g/11b5v4gvdl
532,34810,KOSDAQ,해성산업,기타 금융업,시설관리 용역 및 부동산 임대,1999-04-16,12월,정한수,http://www.haesungind.co.kr,서울특별시,해성산업
533,76610,KOSDAQ,해성옵틱스,사진장비 및 광학기기 제조업,휴대폰용 렌즈모듈 및 카메라모듈,2013-11-06,12월,조철,http://www.hso.co.kr,경기도,해성옵틱스
534,92300,KOSDAQ,현우산업,전자부품 제조업,인쇄회로판(PCB),2007-10-24,12월,"문병선, 문인식 (각자대표)",,인천광역시,현우산업
535,53660,KOSDAQ,현진소재,기타 금속 가공제품 제조업,선박용 엔진부품,2002-02-15,12월,이도헌,http://www.hjmco.co.kr,부산광역시,현진소재
536,11080,KOSDAQ,형지I&C,봉제의복 제조업,남성셔츠,2004-07-02,12월,최혜원,http://www.woosunginc.com,서울특별시,형지I&C
537,126640,KOSDAQ,화신정공,자동차 신품 부품 제조업,자동차부품,2010-08-31,12월,정 서 진,http://hsp.hwashin.co.kr,경상북도,화신정공
538,50090,KOSDAQ,휘닉스소재,전자부품 제조업,"Metal Paste, Solder Ball",2004-06-29,12월,"홍석규, 고승범 각자대표",http://www.phoenixmaterials.kr,경상북도,/g/122_sgxt
539,115160,KOSDAQ,휴맥스,영상 및 음향기기 제조업,셋톱박스,2009-11-16,12월,김태훈,http://kr.humaxdigital.com,경기도,/g/11bc5mcpms
540,28080,KOSDAQ,휴맥스홀딩스,기타 금융업,"지주사업, IT서비스사업",1997-04-16,12월,변대규,http://holdings.humaxdigital.com/,경기도,휴맥스홀딩스
541,200670,KOSDAQ,휴메딕스,의약품 제조업,"히알루론산 관절염치료제, 히알루론산 더말필러",2014-12-26,12월,김진환,http://www.humedix.com,경기도,/g/11b6wh6jmy
542,65510,KOSDAQ,휴비츠,의료용 기기 제조업,"자동검안기, 자동렌즈미터",2003-10-31,12월,김현수,http://www.huvitz.com,경기도,/m/0fq09vn
543,84110,KOSDAQ,휴온스글로벌,의약품 제조업,의약품제조업,2006-12-19,12월,윤성태,http://www.huonsglobal.com,경기도,/g/11b_l9cfc
544,145020,KOSDAQ,휴젤,기초 의약물질 및 생물학적 제제 제조업,"보툴리눔톡신, 필러",2015-12-24,12월,손지훈,http://www.hugel.co.kr,강원도,/g/11bxg0dhj_
545,10240,KOSDAQ,흥국,특수 목적용 기계 제조업,굴삭기 Roller 및 형단조품,2009-05-12,12월,류명준,http://www.heungkuk.co.kr,충청남도,/m/0jwrn77
546,189980,KOSDAQ,흥국에프엔비,비알코올음료 및 얼음 제조업,"과일음료(에이드베이스, 스무디, 착즙쥬스 등)",2015-08-07,12월,"박철범, 오길영",http://www.hyungkuk.com,서울특별시,/g/11bvvzm21f
