,Symbol,Market,Name,Sector,Industry,ListingDate,SettleMonth,Representative,HomePage,Region,Firm_Code,Boom_Date,How_Big
0,35760,KOSDAQ,CJ ENM,텔레비전 방송업,"의류, 생활주방, 가전제품, 보석, 기타",1999-11-23,12월,"Minho Hou, Ho Sung Kang",http://www.cjmall.com,서울특별시,/m/0y49mzk,2021-03-28,1.04
1,51500,KOSDAQ,CJ프레시웨이,음·식료품 및 담배 도매업,"식자재유통, 단체급식",2001-07-26,12월,정성필,http://www.cjfreshway.com,경기도,/g/11bycyn_bq,2018-08-19,1.04
2,51500,KOSDAQ,CJ프레시웨이,음·식료품 및 담배 도매업,"식자재유통, 단체급식",2001-07-26,12월,정성필,http://www.cjfreshway.com,경기도,/g/11bycyn_bq,2019-10-27,1.23
3,67290,KOSDAQ,JW신약,의약품 제조업,"매니큐어세트, 손톱깎이",2003-02-11,12월,백승호,http://www.cwsy.co.kr,서울특별시,/g/11byd5xcgh,2017-06-18,1.08
4,67290,KOSDAQ,JW신약,의약품 제조업,"매니큐어세트, 손톱깎이",2003-02-11,12월,백승호,http://www.cwsy.co.kr,서울특별시,/g/11byd5xcgh,2018-10-07,1.02
5,67290,KOSDAQ,JW신약,의약품 제조업,"매니큐어세트, 손톱깎이",2003-02-11,12월,백승호,http://www.cwsy.co.kr,서울특별시,/g/11byd5xcgh,2021-11-28,1.65
6,35900,KOSDAQ,JYP Ent.,오디오물 출판 및 원판 녹음업,오디오물 출판 및 원판 녹음 관련 제품,2001-08-30,12월,정욱,http://www.jype.com,서울특별시,/m/0clwmx,2020-06-21,1.06
7,46440,KOSDAQ,KG모빌리언스,소프트웨어 개발 및 공급업,유무선전화결제서비스,2004-12-14,12월,고규영,http://www.mobilians.co.kr,서울특별시,/g/112ydgmgc,2017-07-02,1.08
8,46440,KOSDAQ,KG모빌리언스,소프트웨어 개발 및 공급업,유무선전화결제서비스,2004-12-14,12월,고규영,http://www.mobilians.co.kr,서울특별시,/g/112ydgmgc,2020-07-12,1.07
9,60720,KOSDAQ,KH바텍,전자부품 제조업,"휴대폰부품(SHIELD, BRACKET)",2002-05-21,12월,남광희,http://www.khvatec.com,경상북도,/g/1232pkqc,2019-12-08,1.52
10,218410,KOSDAQ,RFHIC,통신 및 방송 장비 제조업,GaN 트랜지스터,2015-06-30,12월,조덕수,http://rfhic.com,경기도,/g/11bwqbj3jb,2019-08-04,1.02
11,36540,KOSDAQ,SFA반도체,반도체 제조업,"반도체패키지(SOP,DIP,QFP)",2001-05-02,12월,김영민,http://www.sts-semi.co.kr,충청남도,SFA반도체,2016-12-18,1.1
12,36540,KOSDAQ,SFA반도체,반도체 제조업,"반도체패키지(SOP,DIP,QFP)",2001-05-02,12월,김영민,http://www.sts-semi.co.kr,충청남도,SFA반도체,2020-02-02,1.37
13,36540,KOSDAQ,SFA반도체,반도체 제조업,"반도체패키지(SOP,DIP,QFP)",2001-05-02,12월,김영민,http://www.sts-semi.co.kr,충청남도,SFA반도체,2021-02-07,1.1
14,36490,KOSDAQ,SK머티리얼즈,기초 화학물질 제조업,"반도체 및 디스플레이용 특수가스(NF3, SiH4, WF6 등)",1999-12-14,12월,이용욱,http://www.sk-materials.com,경상북도,SK머티리얼즈,2017-04-02,1.07
15,36490,KOSDAQ,SK머티리얼즈,기초 화학물질 제조업,"반도체 및 디스플레이용 특수가스(NF3, SiH4, WF6 등)",1999-12-14,12월,이용욱,http://www.sk-materials.com,경상북도,SK머티리얼즈,2019-06-30,1.33
16,36490,KOSDAQ,SK머티리얼즈,기초 화학물질 제조업,"반도체 및 디스플레이용 특수가스(NF3, SiH4, WF6 등)",1999-12-14,12월,이용욱,http://www.sk-materials.com,경상북도,SK머티리얼즈,2020-07-05,1.15
17,36490,KOSDAQ,SK머티리얼즈,기초 화학물질 제조업,"반도체 및 디스플레이용 특수가스(NF3, SiH4, WF6 등)",1999-12-14,12월,이용욱,http://www.sk-materials.com,경상북도,SK머티리얼즈,2021-11-28,1.67
18,48550,KOSDAQ,SM C&C,광고업,"영상콘텐츠 제작 및 매니지먼트, 광고, 여행",2001-01-18,12월,"김동준, 남궁철",http://www.smcultureandcontents.com,서울특별시,/m/012rh8m5,2016-12-11,1.05
19,48550,KOSDAQ,SM C&C,광고업,"영상콘텐츠 제작 및 매니지먼트, 광고, 여행",2001-01-18,12월,"김동준, 남궁철",http://www.smcultureandcontents.com,서울특별시,/m/012rh8m5,2018-07-08,1.31
20,48550,KOSDAQ,SM C&C,광고업,"영상콘텐츠 제작 및 매니지먼트, 광고, 여행",2001-01-18,12월,"김동준, 남궁철",http://www.smcultureandcontents.com,서울특별시,/m/012rh8m5,2020-05-17,2.56
21,48550,KOSDAQ,SM C&C,광고업,"영상콘텐츠 제작 및 매니지먼트, 광고, 여행",2001-01-18,12월,"김동준, 남궁철",http://www.smcultureandcontents.com,서울특별시,/m/012rh8m5,2021-05-30,1.41
22,32540,KOSDAQ,TJ미디어,영상 및 음향기기 제조업,영상음향반주기,1997-04-16,12월,윤나라,http://www.tjmedia.co.kr/,서울특별시,TJ미디어,2019-06-09,1.23
23,52220,KOSDAQ,iMBC,"자료처리, 호스팅, 포털 및 기타 인터넷 정보매개 서비스업","디지털콘텐츠,웹에이젼시",2005-01-21,12월,박태경,http://corp.imbc.com,서울특별시,iMBC,2018-03-11,1.67
24,79940,KOSDAQ,가비아,소프트웨어 개발 및 공급업,"도메인,호스팅",2005-10-19,12월,김홍국,http://www.gabia.com,경기도,/g/1z0spmc2q,2017-01-15,1.01
25,217730,KOSDAQ,강스템바이오텍,기초 의약물질 및 생물학적 제제 제조업,줄기세포치료제,2015-12-21,12월,나종천,http://www.kangstem.com,서울특별시,/g/11bxfzmn0_,2019-05-26,1.19
26,63080,KOSDAQ,게임빌,소프트웨어 개발 및 공급업,모바일게임,2009-07-30,12월,이용국,http://www.gamevil.com,서울특별시,/m/02ppkny,2017-04-02,1.03
27,63080,KOSDAQ,게임빌,소프트웨어 개발 및 공급업,모바일게임,2009-07-30,12월,이용국,http://www.gamevil.com,서울특별시,/m/02ppkny,2018-06-03,1.07
28,53950,KOSDAQ,경남제약,의약품 제조업,PCB 드릴가공,2001-11-06,12월,오성원,http://www.kyungnampharm.co.kr,경상남도,경남제약,2018-12-09,2.38
29,11040,KOSDAQ,경동제약,의약품 제조업,"듀오로반정, 발디핀정, 아트로반정 등",1992-12-18,12월,류기성,http://www.kdpharma.co.kr,경기도,/g/122tj8vl,2018-10-21,1.11
30,11040,KOSDAQ,경동제약,의약품 제조업,"듀오로반정, 발디핀정, 아트로반정 등",1992-12-18,12월,류기성,http://www.kdpharma.co.kr,경기도,/g/122tj8vl,2020-11-15,0.98
31,14570,KOSDAQ,고려제약,의약품 제조업,"하벤(종합감기약),뉴로메드(치매치료제)등",2000-12-07,12월,"박해룡, 박상훈 (각자대표)",http://www.nicepharma.com,경기도,고려제약,2020-05-31,1.16
32,98460,KOSDAQ,고영,특수 목적용 기계 제조업,전자제품및반도체생산용 3차원 납도포검사장비,2008-06-03,12월,고광일,http://www.kohyoung.com,서울특별시,고영,2017-02-19,1.82
33,215000,KOSDAQ,골프존,소프트웨어 개발 및 공급업,골프시뮬레이터,2015-04-03,12월,"최덕형, 박강수",http://www.golfzon.com,서울특별시,/m/0x2w6_1,2020-05-31,1.12
34,14200,KOSDAQ,광림,자동차용 엔진 및 자동차 제조업,"전기공사용 특수차량 및 중량물 운반용 크레인을 생산, 판매하는 제조업체",1993-07-07,12월,성석경,http://www.kanglim.com,충청북도,광림,2017-05-28,0.97
35,14200,KOSDAQ,광림,자동차용 엔진 및 자동차 제조업,"전기공사용 특수차량 및 중량물 운반용 크레인을 생산, 판매하는 제조업체",1993-07-07,12월,성석경,http://www.kanglim.com,충청북도,광림,2018-09-02,1.01
36,43650,KOSDAQ,국순당,알코올음료 제조업,탁주 및 약주,2000-08-24,12월,배상민,http://www.ksdb.co.kr,강원도,국순당,2017-02-19,1.07
37,43650,KOSDAQ,국순당,알코올음료 제조업,탁주 및 약주,2000-08-24,12월,배상민,http://www.ksdb.co.kr,강원도,국순당,2021-01-24,1.75
38,78130,KOSDAQ,국일제지,기타 종이 및 판지 제품 제조업,"산업용 및 가정용 지류(강판간지, 다공지 등)",2004-10-22,12월,"이용호, 최우식 (각자 대표)",http://www.kukilpaper.co.kr,경기도,/g/11gsly0bq_,2018-12-23,0.69
39,78130,KOSDAQ,국일제지,기타 종이 및 판지 제품 제조업,"산업용 및 가정용 지류(강판간지, 다공지 등)",2004-10-22,12월,"이용호, 최우식 (각자 대표)",http://www.kukilpaper.co.kr,경기도,/g/11gsly0bq_,2020-04-19,0.96
40,49080,KOSDAQ,기가레인,특수 목적용 기계 제조업,RF통신부품 및 반도체 장비,2013-12-19,12월,최인권,http://www.gigalane.com,경기도,/g/11b66dq9_d,2017-12-03,1.23
41,49080,KOSDAQ,기가레인,특수 목적용 기계 제조업,RF통신부품 및 반도체 장비,2013-12-19,12월,최인권,http://www.gigalane.com,경기도,/g/11b66dq9_d,2019-10-13,1.09
42,187790,KOSDAQ,나노,기초 화학물질 제조업,SCR촉매,2014-05-08,12월,신동우,http://nanoin.com,경상북도,나노,2021-09-12,0.99
43,151910,KOSDAQ,나노스,전자부품 제조업,"Blue Filter, IR Filter, Camera Module",2012-08-02,12월,양선길,http://www.nanosm.com,경기도,/g/11cfn0p60,2017-09-03,1.22
44,151910,KOSDAQ,나노스,전자부품 제조업,"Blue Filter, IR Filter, Camera Module",2012-08-02,12월,양선길,http://www.nanosm.com,경기도,/g/11cfn0p60,2020-09-13,1.24
45,151910,KOSDAQ,나노스,전자부품 제조업,"Blue Filter, IR Filter, Camera Module",2012-08-02,12월,양선길,http://www.nanosm.com,경기도,/g/11cfn0p60,2021-10-24,1.5
46,39860,KOSDAQ,나노엔텍,의료용 기기 제조업,의료기기 및 실험기기,2000-08-16,12월,정찬일,http://www.nanoentek.com,서울특별시,/g/11g9mwmy9q,2016-12-18,0.49
47,39860,KOSDAQ,나노엔텍,의료용 기기 제조업,의료기기 및 실험기기,2000-08-16,12월,정찬일,http://www.nanoentek.com,서울특별시,/g/11g9mwmy9q,2018-04-01,0.42
48,39860,KOSDAQ,나노엔텍,의료용 기기 제조업,의료기기 및 실험기기,2000-08-16,12월,정찬일,http://www.nanoentek.com,서울특별시,/g/11g9mwmy9q,2019-06-02,0.41
49,39860,KOSDAQ,나노엔텍,의료용 기기 제조업,의료기기 및 실험기기,2000-08-16,12월,정찬일,http://www.nanoentek.com,서울특별시,/g/11g9mwmy9q,2020-06-14,1.01
50,39860,KOSDAQ,나노엔텍,의료용 기기 제조업,의료기기 및 실험기기,2000-08-16,12월,정찬일,http://www.nanoentek.com,서울특별시,/g/11g9mwmy9q,2021-06-20,0.38
51,89600,KOSDAQ,나스미디어,광고업,광고매체 판매,2013-07-17,12월,정기호,http://www.nasmedia.co.kr,서울특별시,/g/11byd1g5c0,2017-02-19,1.04
52,138610,KOSDAQ,나이벡,의료용품 및 기타 의약 관련제품 제조업,"치아미백제,치과용 골이식재",2011-07-13,12월,정종평,,충청북도,/m/0hqx38s,2019-10-27,1.01
53,36800,KOSDAQ,나이스정보통신,전기 통신업,카드 VAN사업,2000-05-03,12월,김용국,http://www.nicevan.co.kr,서울특별시,나이스정보통신,2019-08-11,1.11
54,168330,KOSDAQ,내츄럴엔도텍,자연과학 및 공학 연구개발업,"백수오 여성호르몬제, 백수오등복합추출물(원료)",2013-10-31,12월,김희도,http://www.naturalendo.com,경기도,/g/11bc84qv65,2017-03-19,1.02
55,168330,KOSDAQ,내츄럴엔도텍,자연과학 및 공학 연구개발업,"백수오 여성호르몬제, 백수오등복합추출물(원료)",2013-10-31,12월,김희도,http://www.naturalendo.com,경기도,/g/11bc84qv65,2018-07-08,1.32
56,95660,KOSDAQ,네오위즈,소프트웨어 개발 및 공급업,"피망,스페셜포스",2007-07-02,12월,"문지수 대표이사, 김승철 대표이사 (공동대표)",http://www.neowizgames.com,경기도,/m/04g1n4_,2018-05-27,1.79
57,95660,KOSDAQ,네오위즈,소프트웨어 개발 및 공급업,"피망,스페셜포스",2007-07-02,12월,"문지수 대표이사, 김승철 대표이사 (공동대표)",http://www.neowizgames.com,경기도,/m/04g1n4_,2021-11-07,1.16
58,7390,KOSDAQ,네이처셀,기초 의약물질 및 생물학적 제제 제조업,닥터쥬크르,1992-11-30,12월,라정찬,http://www.naturecell.co.kr,서울특별시,/g/112yd6wd7,2018-03-11,1.04
59,7390,KOSDAQ,네이처셀,기초 의약물질 및 생물학적 제제 제조업,닥터쥬크르,1992-11-30,12월,라정찬,http://www.naturecell.co.kr,서울특별시,/g/112yd6wd7,2021-06-20,1.09
60,41140,KOSDAQ,넥슨지티,소프트웨어 개발 및 공급업,게임소프트웨어 개발 및 공급,2000-07-25,12월,신지환,http://www.nexon-gt.com,경기도,넥슨지티,2017-04-09,1.06
61,41140,KOSDAQ,넥슨지티,소프트웨어 개발 및 공급업,게임소프트웨어 개발 및 공급,2000-07-25,12월,신지환,http://www.nexon-gt.com,경기도,넥슨지티,2019-05-12,1.58
62,41140,KOSDAQ,넥슨지티,소프트웨어 개발 및 공급업,게임소프트웨어 개발 및 공급,2000-07-25,12월,신지환,http://www.nexon-gt.com,경기도,넥슨지티,2020-06-21,1.06
63,217270,KOSDAQ,넵튠,소프트웨어 개발 및 공급업,모바일게임,2015-06-18,12월,"정욱, 유태웅 (각자대표이사)",http://www.neptunegames.co.kr,경기도,넵튠,2018-06-17,0.97
64,217270,KOSDAQ,넵튠,소프트웨어 개발 및 공급업,모바일게임,2015-06-18,12월,"정욱, 유태웅 (각자대표이사)",http://www.neptunegames.co.kr,경기도,넵튠,2020-11-29,2.94
65,225570,KOSDAQ,넷게임즈,소프트웨어 개발 및 공급업,기업인수합병,2015-09-25,12월,박용현,,서울특별시,넷게임즈,2019-03-03,1.12
66,225570,KOSDAQ,넷게임즈,소프트웨어 개발 및 공급업,기업인수합병,2015-09-25,12월,박용현,,서울특별시,넷게임즈,2021-01-31,1.3
67,142280,KOSDAQ,녹십자엠에스,의료용품 및 기타 의약 관련제품 제조업,"혈액백, 진단시약, 혈액투석액",2014-12-17,12월,안은억,http://www.greencrossms.com,경기도,/g/11bc6dcx34,2017-04-30,0.54
68,142280,KOSDAQ,녹십자엠에스,의료용품 및 기타 의약 관련제품 제조업,"혈액백, 진단시약, 혈액투석액",2014-12-17,12월,안은억,http://www.greencrossms.com,경기도,/g/11bc6dcx34,2018-11-18,0.51
69,142280,KOSDAQ,녹십자엠에스,의료용품 및 기타 의약 관련제품 제조업,"혈액백, 진단시약, 혈액투석액",2014-12-17,12월,안은억,http://www.greencrossms.com,경기도,/g/11bc6dcx34,2019-11-24,0.91
70,142280,KOSDAQ,녹십자엠에스,의료용품 및 기타 의약 관련제품 제조업,"혈액백, 진단시약, 혈액투석액",2014-12-17,12월,안은억,http://www.greencrossms.com,경기도,/g/11bc6dcx34,2021-05-16,0.88
71,54050,KOSDAQ,농우바이오,작물 재배업,"고추, 수박, 참외(메론), 오이, 호박, 무, 배추 등",2002-04-02,12월,박동섭,http://www.nongwoobio.co.kr,경기도,/g/122046c1,2018-05-27,1.24
72,54050,KOSDAQ,농우바이오,작물 재배업,"고추, 수박, 참외(메론), 오이, 호박, 무, 배추 등",2002-04-02,12월,박동섭,http://www.nongwoobio.co.kr,경기도,/g/122046c1,2021-02-14,1.04
73,126870,KOSDAQ,뉴로스,일반 목적용 기계 제조업,터보블로워,2012-02-15,12월,김승우,http://www.neuros.co.kr,대전광역시,뉴로스,2019-01-27,1.52
74,126870,KOSDAQ,뉴로스,일반 목적용 기계 제조업,터보블로워,2012-02-15,12월,김승우,http://www.neuros.co.kr,대전광역시,뉴로스,2021-02-21,1.33
75,64260,KOSDAQ,다날,소프트웨어 개발 및 공급업,모바일콘텐츠 및 유무선전화결제,2004-07-23,12월,박상만,http://www.danal.co.kr,경기도,다날,2021-02-14,2.94
76,68240,KOSDAQ,다원시스,"전동기, 발전기 및 전기 변환 · 공급 · 제어 장치 제조업","핵융합 전원장치, 플라즈마 전원장치, 태양광 CVD 전원장치, 산업용 특수정류기",2010-09-14,12월,박선순,http://www.dawonsys.com,경기도,/g/11bxdzpg3j,2018-11-04,1.04
77,45390,KOSDAQ,대아티아이,기타 전기장비 제조업,"EDMS(Enterprise Document Management System)-전사적문서관리시스템,KMS-지식경영시스템",2001-05-17,12월,최 진 우,http://www.daeati.co.kr,경기도,대아티아이,2018-05-06,1.39
78,48910,KOSDAQ,대원미디어,기타 전문 도매업,"캐릭터 사업, 만화영화 제작",2001-07-31,12월,"정욱, 정동훈",http://daewonmedia.com,서울특별시,/m/082lg0,2020-03-08,5.56
79,48910,KOSDAQ,대원미디어,기타 전문 도매업,"캐릭터 사업, 만화영화 제작",2001-07-31,12월,"정욱, 정동훈",http://daewonmedia.com,서울특별시,/m/082lg0,2021-04-11,2.11
80,120240,KOSDAQ,대정화금,기초 화학물질 제조업,"시약, 원료의약품",2010-12-20,12월,송영준,http://www.daejung.kr,경기도,/g/11b_k8_r1,2020-03-15,1.04
81,120240,KOSDAQ,대정화금,기초 화학물질 제조업,"시약, 원료의약품",2010-12-20,12월,송영준,http://www.daejung.kr,경기도,/g/11b_k8_r1,2021-07-18,1.19
82,131220,KOSDAQ,대한과학,기계장비 및 관련 물품 도매업,"의료, 정밀 및 연구실험기기 제조 및 유통",2011-10-11,12월,"서정구,서현정(공동대표)",http://www.daihansci.co.kr,강원도,대한과학,2020-04-12,1.07
83,131220,KOSDAQ,대한과학,기계장비 및 관련 물품 도매업,"의료, 정밀 및 연구실험기기 제조 및 유통",2011-10-11,12월,"서정구,서현정(공동대표)",http://www.daihansci.co.kr,강원도,대한과학,2021-05-09,1.39
84,10170,KOSDAQ,대한광통신,절연선 및 케이블 제조업,광섬유,1994-11-07,12월,도문현,http://www.tfo.co.kr,경기도,대한광통신,2017-08-27,1.08
85,10170,KOSDAQ,대한광통신,절연선 및 케이블 제조업,광섬유,1994-11-07,12월,도문현,http://www.tfo.co.kr,경기도,대한광통신,2020-09-06,1.09
86,67080,KOSDAQ,대화제약,의약품 제조업,"후로스판, 세파메칠 등",2003-02-14,12월,"노병태, 김은석(각자대표)",http://www.dhpharm.co.kr,강원도,/g/11b_kgq3l,2016-12-18,1.17
87,67080,KOSDAQ,대화제약,의약품 제조업,"후로스판, 세파메칠 등",2003-02-14,12월,"노병태, 김은석(각자대표)",http://www.dhpharm.co.kr,강원도,/g/11b_kgq3l,2018-01-14,1.67
88,213420,KOSDAQ,덕산네오룩스,전자부품 제조업,"HTL(정공수송층), HIL(정공주입층), RED HOST",2015-02-06,12월,"이준호, 이수훈(각자 대표이사)",http://www.dsneolux.co.kr,충청남도,덕산네오룩스,2017-06-04,1.52
89,194480,KOSDAQ,데브시스터즈,소프트웨어 개발 및 공급업,모바일 게임,2014-10-06,12월,"이지훈, 김종흔",http://www.devsisters.com,서울특별시,/g/11c3khlwt0,2021-01-24,1.25
90,206560,KOSDAQ,덱스터,"영화, 비디오물, 방송프로그램 제작 및 배급업","시각효과(Visual Effect, VFX)",2015-12-22,12월,"김욱, 강종익",http://www.dexterstudios.com,서울특별시,덱스터,2018-01-28,1.37
91,206560,KOSDAQ,덱스터,"영화, 비디오물, 방송프로그램 제작 및 배급업","시각효과(Visual Effect, VFX)",2015-12-22,12월,"김욱, 강종익",http://www.dexterstudios.com,서울특별시,덱스터,2021-11-07,1.43
92,67990,KOSDAQ,도이치모터스,자동차 판매업,수입자동차,2004-12-03,12월,권혁민,http://www.deutschmotors.com,서울특별시,/g/11gy_hy1m,2018-08-19,1.17
93,67990,KOSDAQ,도이치모터스,자동차 판매업,수입자동차,2004-12-03,12월,권혁민,http://www.deutschmotors.com,서울특별시,/g/11gy_hy1m,2020-02-16,1.97
94,67990,KOSDAQ,도이치모터스,자동차 판매업,수입자동차,2004-12-03,12월,권혁민,http://www.deutschmotors.com,서울특별시,/g/11gy_hy1m,2021-06-20,1.03
95,86450,KOSDAQ,동국제약,의약품 제조업,"인사돌, 복합마데카솔, 파미레이",2007-05-29,12월,오흥주,http://www.dkpharm.co.kr,서울특별시,동국제약,2021-01-10,1.01
96,33500,KOSDAQ,동성화인텍,기초 화학물질 제조업,초저온 보냉재,1997-12-19,12월,류완수,http://www.dsfinetec.co.kr,부산광역시,동성화인텍,2017-07-02,1.28
97,33500,KOSDAQ,동성화인텍,기초 화학물질 제조업,초저온 보냉재,1997-12-19,12월,류완수,http://www.dsfinetec.co.kr,부산광역시,동성화인텍,2020-11-22,1.28
98,25900,KOSDAQ,동화기업,나무제품 제조업,"PB, MDF, 표면재,온돌마루, 창호, 도어 등",1995-08-07,12월,김홍진,http://www.dongwha.co.kr,인천광역시,/g/11hbpdlxbd,2017-04-09,1.04
99,25900,KOSDAQ,동화기업,나무제품 제조업,"PB, MDF, 표면재,온돌마루, 창호, 도어 등",1995-08-07,12월,김홍진,http://www.dongwha.co.kr,인천광역시,/g/11hbpdlxbd,2020-05-31,0.96
100,30350,KOSDAQ,드래곤플라이,소프트웨어 개발 및 공급업,온라인게임,1997-11-10,12월,김재식,http://www.dragonflygame.com,서울특별시,드래곤플라이,2020-06-28,1.85
101,30350,KOSDAQ,드래곤플라이,소프트웨어 개발 및 공급업,온라인게임,1997-11-10,12월,김재식,http://www.dragonflygame.com,서울특별시,드래곤플라이,2021-11-21,1.04
102,203650,KOSDAQ,드림시큐리티,소프트웨어 개발 및 공급업,정보보안솔루션,2014-10-13,12월,"범진규, 문진일",http://www.dreamsecurity.com,서울특별시,드림시큐리티,2018-01-21,1.19
103,203650,KOSDAQ,드림시큐리티,소프트웨어 개발 및 공급업,정보보안솔루션,2014-10-13,12월,"범진규, 문진일",http://www.dreamsecurity.com,서울특별시,드림시큐리티,2020-05-17,1.28
104,203650,KOSDAQ,드림시큐리티,소프트웨어 개발 및 공급업,정보보안솔루션,2014-10-13,12월,"범진규, 문진일",http://www.dreamsecurity.com,서울특별시,드림시큐리티,2021-05-23,1.06
105,217620,KOSDAQ,디딤,음식점업,"직영음식점, 축산물가공, 프랜차이즈",2015-06-10,12월,이정민,http://www.didimglobal.com,인천광역시,디딤,2016-12-11,1.39
106,217620,KOSDAQ,디딤,음식점업,"직영음식점, 축산물가공, 프랜차이즈",2015-06-10,12월,이정민,http://www.didimglobal.com,인천광역시,디딤,2018-08-19,1.29
107,127120,KOSDAQ,디엔에이링크,자연과학 및 공학 연구개발업,"유전체분석(EGIS), 개인유전체분석(DNAGPS)",2011-12-26,12월,이종은,http://www.dnalink.com,서울특별시,/g/11b88tjln9,2018-10-21,1.32
108,127120,KOSDAQ,디엔에이링크,자연과학 및 공학 연구개발업,"유전체분석(EGIS), 개인유전체분석(DNAGPS)",2011-12-26,12월,이종은,http://www.dnalink.com,서울특별시,/g/11b88tjln9,2020-08-02,1.42
109,39840,KOSDAQ,디오,의료용 기기 제조업,자동포장기계,2000-06-29,12월,김진백,http://dio.co.kr,부산광역시,디오,2021-11-28,1.02
110,131180,KOSDAQ,딜리,컴퓨터 및 주변장치 제조업,디지털 UV 프린터,2011-01-31,12월,최근수,,경기도,딜리,2021-07-11,1.01
111,42510,KOSDAQ,라온시큐어,소프트웨어 개발 및 공급업,소프트웨어 개발 및 공급,2001-01-03,12월,이순형,http://www.raonsecure.com,서울특별시,/g/11byd5qfk_,2018-01-28,1.06
112,42510,KOSDAQ,라온시큐어,소프트웨어 개발 및 공급업,소프트웨어 개발 및 공급,2001-01-03,12월,이순형,http://www.raonsecure.com,서울특별시,/g/11byd5qfk_,2020-05-17,1.13
113,84650,KOSDAQ,랩지노믹스,자연과학 및 공학 연구개발업,체외진단 서비스 및 제품,2014-12-16,12월,진승현,http://www.labgenomics.co.kr,경기도,/g/11b6wjrffn,2018-03-18,1.17
114,84650,KOSDAQ,랩지노믹스,자연과학 및 공학 연구개발업,체외진단 서비스 및 제품,2014-12-16,12월,진승현,http://www.labgenomics.co.kr,경기도,/g/11b6wjrffn,2020-03-08,1.6
115,84650,KOSDAQ,랩지노믹스,자연과학 및 공학 연구개발업,체외진단 서비스 및 제품,2014-12-16,12월,진승현,http://www.labgenomics.co.kr,경기도,/g/11b6wjrffn,2021-04-25,1.33
116,217500,KOSDAQ,러셀,특수 목적용 기계 제조업,반도체장비 리퍼비시,2015-06-16,12월,권순욱,http://www.erussell.co.kr/,충청북도,러셀,2021-01-03,1.02
117,215100,KOSDAQ,로보로보,기타 전기장비 제조업,교육용로봇,2015-04-22,12월,박병수,http://www.roborobo.co.kr,서울특별시,로보로보,2017-04-30,1.11
118,90360,KOSDAQ,로보스타,특수 목적용 기계 제조업,"제조용 로봇, FPD 장비, IT부품 제조장비",2011-10-17,12월,이병서,http://robostar.co.kr,경기도,로보스타,2017-11-19,1.03
119,90360,KOSDAQ,로보스타,특수 목적용 기계 제조업,"제조용 로봇, FPD 장비, IT부품 제조장비",2011-10-17,12월,이병서,http://robostar.co.kr,경기도,로보스타,2019-09-01,1.24
120,90360,KOSDAQ,로보스타,특수 목적용 기계 제조업,"제조용 로봇, FPD 장비, IT부품 제조장비",2011-10-17,12월,이병서,http://robostar.co.kr,경기도,로보스타,2021-04-04,1.45
121,85370,KOSDAQ,루트로닉,의료용 기기 제조업,의료용레이저기기,2006-07-04,12월,황해령,http://www.lutronic.com,경기도,루트로닉,2018-07-01,1.52
122,16100,KOSDAQ,리더스코스메틱,기타 화학제품 제조업,화장품,2003-01-15,12월,"김진구, 김진상(공동 대표이사)",http://www.leaderscosmetics.com,서울특별시,/g/11gyz_gqs,2017-05-21,1.15
123,16100,KOSDAQ,리더스코스메틱,기타 화학제품 제조업,화장품,2003-01-15,12월,"김진구, 김진상(공동 대표이사)",http://www.leaderscosmetics.com,서울특별시,/g/11gyz_gqs,2018-07-29,1.01
124,12700,KOSDAQ,리드코프,기타 전문 도매업,화공약품운반,1996-01-19,12월,김철우,http://www.leadcorp.co.kr,서울특별시,리드코프,2017-04-02,1.01
125,12700,KOSDAQ,리드코프,기타 전문 도매업,화공약품운반,1996-01-19,12월,김철우,http://www.leadcorp.co.kr,서울특별시,리드코프,2020-02-16,1.09
126,220630,KOSDAQ,맘스터치,음·식료품 및 담배 도매업,"햄버거, 치킨, 식음료유통",2015-08-28,12월,김동전,http://www.momstouchandco.com,서울특별시,/m/0136_skf,2021-07-11,1.59
127,67280,KOSDAQ,멀티캠퍼스,기타 교육기관,성인/기업전문 교육서비스,2006-11-16,12월,박성태,http://www.multicampus.com,서울특별시,/g/1q6fk6dnk,2017-08-27,1.43
128,67280,KOSDAQ,멀티캠퍼스,기타 교육기관,성인/기업전문 교육서비스,2006-11-16,12월,박성태,http://www.multicampus.com,서울특별시,/g/1q6fk6dnk,2019-04-07,1.07
129,67280,KOSDAQ,멀티캠퍼스,기타 교육기관,성인/기업전문 교육서비스,2006-11-16,12월,박성태,http://www.multicampus.com,서울특별시,/g/1q6fk6dnk,2020-05-10,1.03
130,67280,KOSDAQ,멀티캠퍼스,기타 교육기관,성인/기업전문 교육서비스,2006-11-16,12월,박성태,http://www.multicampus.com,서울특별시,/g/1q6fk6dnk,2021-05-30,0.97
131,72870,KOSDAQ,메가스터디,"서적, 잡지 및 기타 인쇄물 출판업","온라인강의,교재판매",2004-12-21,12월,"손주은, 손은진(각자 대표이사)",http://www.megastudyholdings.com,서울특별시,메가스터디,2020-12-27,1.18
132,133750,KOSDAQ,메가엠디,일반 교습 학원,"의학, 치의학, 법학 전문대학원, 약학대학 입학시험 대비 강의",2015-12-18,12월,임수아,http:// http://www.megamd.co.kr,서울특별시,메가엠디,2019-02-10,1.52
133,14100,KOSDAQ,메디앙스,기타 화학제품 제조업,"누크, 비비생활용품, 비앙또마망, 지에닉, 닥터 아토피스",1995-01-03,12월,김은정,http://www.medience.co.kr,서울특별시,/g/11b6z_pl7s,2016-12-11,1.02
134,14100,KOSDAQ,메디앙스,기타 화학제품 제조업,"누크, 비비생활용품, 비앙또마망, 지에닉, 닥터 아토피스",1995-01-03,12월,김은정,http://www.medience.co.kr,서울특별시,/g/11b6z_pl7s,2018-10-21,1.52
135,86900,KOSDAQ,메디톡스,기초 의약물질 및 생물학적 제제 제조업,"의약품원료(A형,B형 보툴리늄독소 단백질치료제) 제조,연구,개발",2009-01-16,12월,정현호,http://www.medytox.com,충청북도,/g/11b60rcrnh,2020-04-19,1.46
136,78160,KOSDAQ,메디포스트,기초 의약물질 및 생물학적 제제 제조업,제대혈은행,2005-07-29,12월,양윤선,http://www.medi-post.co.kr,경기도,/g/11bzyx0_9w,2017-05-28,0.99
137,78160,KOSDAQ,메디포스트,기초 의약물질 및 생물학적 제제 제조업,제대혈은행,2005-07-29,12월,양윤선,http://www.medi-post.co.kr,경기도,/g/11bzyx0_9w,2018-08-26,1.06
138,140410,KOSDAQ,메지온,자연과학 및 공학 연구개발업,"발기부전증치료제, 전립선비대증치료제",2012-01-20,12월,박동현,,서울특별시,/g/12bffwj0q,2018-12-02,1.0
139,140410,KOSDAQ,메지온,자연과학 및 공학 연구개발업,"발기부전증치료제, 전립선비대증치료제",2012-01-20,12월,박동현,,서울특별시,/g/12bffwj0q,2020-02-16,0.85
140,140410,KOSDAQ,메지온,자연과학 및 공학 연구개발업,"발기부전증치료제, 전립선비대증치료제",2012-01-20,12월,박동현,,서울특별시,/g/12bffwj0q,2021-08-29,0.94
141,207760,KOSDAQ,미스터블루,기타 정보 서비스업,"온라인 만화 콘텐츠 서비스 및 제공, 만화 출판",2014-12-12,12월,조승진,http://www.mrbluecorp.com/,서울특별시,미스터블루,2020-06-14,1.06
142,207760,KOSDAQ,미스터블루,기타 정보 서비스업,"온라인 만화 콘텐츠 서비스 및 제공, 만화 출판",2014-12-12,12월,조승진,http://www.mrbluecorp.com/,서울특별시,미스터블루,2021-10-10,1.08
143,59090,KOSDAQ,미코,반도체 제조업,반도체 및 디스플레이 부품 제조,2002-01-15,12월,이석윤,http://www.mico.kr,경기도,미코,2021-08-29,0.97
144,214180,KOSDAQ,민앤지,기타 정보 서비스업,휴대폰부가서비스,2015-06-30,12월,이현철,http://www.minwise.co.kr,서울특별시,민앤지,2018-02-25,1.08
145,206640,KOSDAQ,바디텍메드,의료용품 및 기타 의약 관련제품 제조업,면역진단기기 및 카트리지,2014-12-29,12월,최의열,http://www.boditech.co.kr,강원도,/g/11bc69yhnr,2020-04-26,1.39
146,18700,KOSDAQ,바른손,생활용품 도매업,지제품,1994-03-18,12월,"강신범, 안은미",http://www.barunson.co.kr,경기도,/g/123269g7,2016-12-04,1.08
147,18700,KOSDAQ,바른손,생활용품 도매업,지제품,1994-03-18,12월,"강신범, 안은미",http://www.barunson.co.kr,경기도,/g/123269g7,2020-02-09,4.17
148,18700,KOSDAQ,바른손,생활용품 도매업,지제품,1994-03-18,12월,"강신범, 안은미",http://www.barunson.co.kr,경기도,/g/123269g7,2021-04-04,1.5
149,53030,KOSDAQ,바이넥스,의약품 제조업,"정장제, 소화제",2001-08-07,12월,이혁종,http://www.bi-nex.co.kr,부산광역시,/g/11c3kym23y,2018-04-08,1.43
150,53030,KOSDAQ,바이넥스,의약품 제조업,"정장제, 소화제",2001-08-07,12월,이혁종,http://www.bi-nex.co.kr,부산광역시,/g/11c3kym23y,2020-08-30,1.17
151,64550,KOSDAQ,바이오니아,의료용품 및 기타 의약 관련제품 제조업,"합성유전자,시약및유전자분석장비",2005-12-29,12월,박한오,http://www.bioneer.co.kr,대전광역시,/g/11h4lpcvpy,2020-03-15,1.19
152,64550,KOSDAQ,바이오니아,의료용품 및 기타 의약 관련제품 제조업,"합성유전자,시약및유전자분석장비",2005-12-29,12월,박한오,http://www.bioneer.co.kr,대전광역시,/g/11h4lpcvpy,2021-08-29,1.09
153,86040,KOSDAQ,바이오톡스텍,자연과학 및 공학 연구개발업,"안전성평가, 유효성평가",2007-09-21,12월,강종구,http://www.biotoxtech.com,충청북도,바이오톡스텍,2017-06-25,1.0
154,86040,KOSDAQ,바이오톡스텍,자연과학 및 공학 연구개발업,"안전성평가, 유효성평가",2007-09-21,12월,강종구,http://www.biotoxtech.com,충청북도,바이오톡스텍,2020-04-05,1.05
155,32980,KOSDAQ,바이온,음·식료품 및 담배 도매업,"배너,타포린,화장품,자동차부품",1997-08-06,12월,김병준,http://www.by-on.co.kr,충청북도,바이온,2016-12-11,0.57
156,32980,KOSDAQ,바이온,음·식료품 및 담배 도매업,"배너,타포린,화장품,자동차부품",1997-08-06,12월,김병준,http://www.by-on.co.kr,충청북도,바이온,2017-12-17,0.55
157,32980,KOSDAQ,바이온,음·식료품 및 담배 도매업,"배너,타포린,화장품,자동차부품",1997-08-06,12월,김병준,http://www.by-on.co.kr,충청북도,바이온,2018-12-23,0.57
158,32980,KOSDAQ,바이온,음·식료품 및 담배 도매업,"배너,타포린,화장품,자동차부품",1997-08-06,12월,김병준,http://www.by-on.co.kr,충청북도,바이온,2020-02-09,0.43
159,32980,KOSDAQ,바이온,음·식료품 및 담배 도매업,"배너,타포린,화장품,자동차부품",1997-08-06,12월,김병준,http://www.by-on.co.kr,충청북도,바이온,2021-02-21,0.43
160,43150,KOSDAQ,바텍,의료용 기기 제조업,"치과용 디지털 X-ray기기 (파노라마, CT) 및 구강스캐너 등",2006-09-29,12월,현정훈,http://www.vatech.co.kr,경기도,/g/11gy_80nh,2018-12-23,1.08
161,43150,KOSDAQ,바텍,의료용 기기 제조업,"치과용 디지털 X-ray기기 (파노라마, CT) 및 구강스캐너 등",2006-09-29,12월,현정훈,http://www.vatech.co.kr,경기도,/g/11gy_80nh,2021-05-30,1.14
162,177350,KOSDAQ,베셀,특수 목적용 기계 제조업,디스플레이 제조장비,2015-06-19,12월,서기만,http://www.vessel21.com,경기도,베셀,2017-06-11,1.07
163,177350,KOSDAQ,베셀,특수 목적용 기계 제조업,디스플레이 제조장비,2015-06-19,12월,서기만,http://www.vessel21.com,경기도,베셀,2019-06-16,1.24
164,177350,KOSDAQ,베셀,특수 목적용 기계 제조업,디스플레이 제조장비,2015-06-19,12월,서기만,http://www.vessel21.com,경기도,베셀,2021-10-31,1.08
165,8470,KOSDAQ,부스타,"구조용 금속제품, 탱크 및 증기발생기 제조업","관류보일러,진공온수보일러,무압온수보일러,난방기 제조,판매",2011-02-23,12월,유승협,http://www.booster.co.kr,충청북도,부스타,2017-05-28,1.11
166,8470,KOSDAQ,부스타,"구조용 금속제품, 탱크 및 증기발생기 제조업","관류보일러,진공온수보일러,무압온수보일러,난방기 제조,판매",2011-02-23,12월,유승협,http://www.booster.co.kr,충청북도,부스타,2020-10-04,1.08
167,8470,KOSDAQ,부스타,"구조용 금속제품, 탱크 및 증기발생기 제조업","관류보일러,진공온수보일러,무압온수보일러,난방기 제조,판매",2011-02-23,12월,유승협,http://www.booster.co.kr,충청북도,부스타,2021-11-28,1.59
168,100120,KOSDAQ,뷰웍스,의료용 기기 제조업,X-Ray Detector,2009-04-10,12월,김후식,http://www.vieworks.com,경기도,/g/11cmp9f_vd,2018-09-30,2.08
169,100120,KOSDAQ,뷰웍스,의료용 기기 제조업,X-Ray Detector,2009-04-10,12월,김후식,http://www.vieworks.com,경기도,/g/11cmp9f_vd,2019-10-06,1.42
170,44480,KOSDAQ,블루베리 NFT,고무제품 제조업,"콘돔,고무골무,의료용 장갑",2001-01-11,12월,"홍상혁, 오성원",http://www.unidusok.com,충청북도,/g/11b6d2m60j,2017-06-04,1.11
171,141000,KOSDAQ,비아트론,특수 목적용 기계 제조업,AMOLED 등 제조장비,2012-05-04,12월,김 형 준,http://www.viatrontech.com,경기도,/g/112ydl2gm,2021-01-17,1.04
172,90460,KOSDAQ,비에이치,전자부품 제조업,연성인쇄회로기판(FPCB),2007-01-26,12월,이경환,http://www.bhe.co.kr,인천광역시,비에이치,2018-01-21,1.01
173,42370,KOSDAQ,비츠로테크,기타 금융업,"차단기, 개폐기",2000-08-03,12월,"장순상, 유병언, 장범수(각자대표)",http://www.vitzrotech.com,경기도,비츠로테크,2016-12-11,0.55
174,42370,KOSDAQ,비츠로테크,기타 금융업,"차단기, 개폐기",2000-08-03,12월,"장순상, 유병언, 장범수(각자대표)",http://www.vitzrotech.com,경기도,비츠로테크,2018-02-25,1.48
175,42370,KOSDAQ,비츠로테크,기타 금융업,"차단기, 개폐기",2000-08-03,12월,"장순상, 유병언, 장범수(각자대표)",http://www.vitzrotech.com,경기도,비츠로테크,2019-05-05,0.48
176,42370,KOSDAQ,비츠로테크,기타 금융업,"차단기, 개폐기",2000-08-03,12월,"장순상, 유병언, 장범수(각자대표)",http://www.vitzrotech.com,경기도,비츠로테크,2020-06-07,0.39
177,42370,KOSDAQ,비츠로테크,기타 금융업,"차단기, 개폐기",2000-08-03,12월,"장순상, 유병언, 장범수(각자대표)",http://www.vitzrotech.com,경기도,비츠로테크,2021-07-04,0.45
178,32850,KOSDAQ,비트컴퓨터,소프트웨어 개발 및 공급업,의료정보시스템,1997-07-04,12월,"전 진 옥, 조 현 정",http://www.bit.co.kr,서울특별시,비트컴퓨터,2017-12-17,1.04
179,100090,KOSDAQ,삼강엠앤티,1차 철강 제조업,"후육강관제조업,조선블록제조업",2008-08-01,12월,송무석,http://www.sam-kang.com/,경상남도,/g/11byc_qxcl,2020-06-28,1.17
180,100090,KOSDAQ,삼강엠앤티,1차 철강 제조업,"후육강관제조업,조선블록제조업",2008-08-01,12월,송무석,http://www.sam-kang.com/,경상남도,/g/11byc_qxcl,2021-08-22,1.0
181,122350,KOSDAQ,삼기,자동차 신품 부품 제조업,자동차부품,2010-03-19,12월,김치환,http://www.samkee.com,경기도,삼기,2017-07-23,1.05
182,122350,KOSDAQ,삼기,자동차 신품 부품 제조업,자동차부품,2010-03-19,12월,김치환,http://www.samkee.com,경기도,삼기,2018-12-30,1.0
183,122350,KOSDAQ,삼기,자동차 신품 부품 제조업,자동차부품,2010-03-19,12월,김치환,http://www.samkee.com,경기도,삼기,2020-12-06,1.06
184,65570,KOSDAQ,삼영이엔씨,통신 및 방송 장비 제조업,"GMDSS장비, GPS플로터 등",2003-01-21,12월,황재우,http://www.samyungenc.com,부산광역시,/g/11c48f9ppr,2019-05-05,1.08
185,32280,KOSDAQ,삼일,도로 화물 운송업,운송 및 하역수입,1997-03-15,12월,"이정식, 안인수(각자대표)",http://www.samil31.co.kr,경상북도,삼일,2021-11-07,1.06
186,32750,KOSDAQ,삼진,통신 및 방송 장비 제조업,리모컨,1997-07-14,12월,김승철,http://www.samjin.com,경기도,삼진,2020-10-25,2.38
187,24950,KOSDAQ,삼천리자전거,생활용품 도매업,자전거,1995-01-04,12월,신동호,http://www.samchuly.co.kr,서울특별시,/m/087b26,2020-06-14,1.3
188,27580,KOSDAQ,상보,플라스틱제품 제조업,"광학필름,윈도우필름,미디어필름",2007-10-01,12월,김상근,http://www.sangbogroup.com,경기도,상보,2018-10-28,1.52
189,27580,KOSDAQ,상보,플라스틱제품 제조업,"광학필름,윈도우필름,미디어필름",2007-10-01,12월,김상근,http://www.sangbogroup.com,경기도,상보,2019-11-10,1.09
190,27580,KOSDAQ,상보,플라스틱제품 제조업,"광학필름,윈도우필름,미디어필름",2007-10-01,12월,김상근,http://www.sangbogroup.com,경기도,상보,2021-02-07,1.06
191,38540,KOSDAQ,상상인,"컴퓨터 프로그래밍, 시스템 통합 및 관리업",IT 통합 솔루션,2000-08-18,12월,"유준원, 이민식(각자 대표이사)",http://www.sangsanginworld.co.kr,경기도,상상인,2019-08-04,1.13
192,38540,KOSDAQ,상상인,"컴퓨터 프로그래밍, 시스템 통합 및 관리업",IT 통합 솔루션,2000-08-18,12월,"유준원, 이민식(각자 대표이사)",http://www.sangsanginworld.co.kr,경기도,상상인,2020-08-09,1.25
193,89980,KOSDAQ,상아프론테크,플라스틱제품 제조업,"LCD부품,사무기기부품,PCB부품,2차전지부품",2011-07-21,12월,이상원,http://www.sftc.co.kr,인천광역시,/g/11b_lmwm0,2020-09-20,1.23
194,79650,KOSDAQ,서산,"시멘트, 석회, 플라스터 및 그 제품 제조업","레미콘,전주,고강도파일,흄관",2005-01-21,12월,염홍섭,http://www.seo-san.co.kr,광주광역시,서산,2020-03-08,1.01
195,46890,KOSDAQ,서울반도체,반도체 제조업,"Display, Chip LED, Lamp",2002-01-17,12월,"이정훈, 홍명기",http://www.seoulsemicon.com,경기도,/m/026j4r2,2017-02-05,1.01
196,63170,KOSDAQ,서울옥션,상품 중개업,미술품경매,2008-07-01,12월,이옥경,,서울특별시,서울옥션,2017-02-26,1.27
197,63170,KOSDAQ,서울옥션,상품 중개업,미술품경매,2008-07-01,12월,이옥경,,서울특별시,서울옥션,2019-05-19,1.18
198,63170,KOSDAQ,서울옥션,상품 중개업,미술품경매,2008-07-01,12월,이옥경,,서울특별시,서울옥션,2020-08-09,1.05
199,63170,KOSDAQ,서울옥션,상품 중개업,미술품경매,2008-07-01,12월,이옥경,,서울특별시,서울옥션,2021-11-07,1.03
200,11370,KOSDAQ,서한,건물 건설업,"건축, 토목",1994-05-24,12월,"조종수, 정우필(각자 대표이사)",http://www.seo-han.co.kr,대구광역시,서한,2017-05-14,1.23
201,3100,KOSDAQ,선광,기타 운송관련 서비스업,"항만하역, 해사(바다모래)",1999-12-21,12월,"심충식,이도희(공동대표)",http://www.sun-kwang.co.kr,인천광역시,선광,2017-05-07,1.02
202,3100,KOSDAQ,선광,기타 운송관련 서비스업,"항만하역, 해사(바다모래)",1999-12-21,12월,"심충식,이도희(공동대표)",http://www.sun-kwang.co.kr,인천광역시,선광,2019-11-24,1.75
203,3100,KOSDAQ,선광,기타 운송관련 서비스업,"항만하역, 해사(바다모래)",1999-12-21,12월,"심충식,이도희(공동대표)",http://www.sun-kwang.co.kr,인천광역시,선광,2020-12-13,1.14
204,123420,KOSDAQ,선데이토즈,소프트웨어 개발 및 공급업,모바일게임,2010-11-10,12월,김정섭,http://corp.sundaytoz.com,경기도,/g/11b_lft9z,2017-04-09,1.23
205,123420,KOSDAQ,선데이토즈,소프트웨어 개발 및 공급업,모바일게임,2010-11-10,12월,김정섭,http://corp.sundaytoz.com,경기도,/g/11b_lft9z,2018-12-16,1.16
206,14620,KOSDAQ,성광벤드,1차 철강 제조업,관이음쇠,2001-01-11,12월,안 재 일,http://www.skbend.com,부산광역시,/g/1pwgtjt5v,2017-07-30,1.67
207,14620,KOSDAQ,성광벤드,1차 철강 제조업,관이음쇠,2001-01-11,12월,안 재 일,http://www.skbend.com,부산광역시,/g/1pwgtjt5v,2021-01-31,1.0
208,53060,KOSDAQ,세동,자동차 신품 부품 제조업,"도어벨트, 몰딩",2001-08-17,12월,윤정상,http://www.saedong.co.kr,부산광역시,세동,2018-09-02,1.01
209,36630,KOSDAQ,세종텔레콤,전기 통신업,WLL/GPS/위성DMB/VoIP 단말기,2000-01-04,12월,"김형진, 유기윤(각자대표)",http://www.sejongtelecom.net,서울특별시,/g/11c3ss61rc,2017-07-09,1.28
210,39310,KOSDAQ,세중,여행사 및 기타 여행보조 서비스업,여행,2000-06-09,12월,"천신일,천세전",http://www.sejoong.com,서울특별시,/g/1tdh6d08,2017-07-09,1.28
211,108860,KOSDAQ,셀바스AI,소프트웨어 개발 및 공급업,인공지능 솔루션 등,2009-12-10,12월,곽민철,http://www.selvasai.com,서울특별시,/g/120t4nsh,2017-09-17,1.19
212,68760,KOSDAQ,셀트리온제약,의약품 제조업,고덱스 캡슐 외,2006-02-03,12월,서정수,http://www.celltrionph.com,충청북도,/g/11b_k6smh,2020-03-22,1.2
213,53110,KOSDAQ,소리바다,"자료처리, 호스팅, 포털 및 기타 인터넷 정보매개 서비스업",수도용 및 원예용 상토,2001-10-09,12월,"신종태, 오재명",http://www.soribada.com/corp,서울특별시,/m/05xy7x,2017-07-23,5.56
214,53110,KOSDAQ,소리바다,"자료처리, 호스팅, 포털 및 기타 인터넷 정보매개 서비스업",수도용 및 원예용 상토,2001-10-09,12월,"신종태, 오재명",http://www.soribada.com/corp,서울특별시,/m/05xy7x,2018-07-29,0.89
215,53110,KOSDAQ,소리바다,"자료처리, 호스팅, 포털 및 기타 인터넷 정보매개 서비스업",수도용 및 원예용 상토,2001-10-09,12월,"신종태, 오재명",http://www.soribada.com/corp,서울특별시,/m/05xy7x,2019-08-18,1.17
216,66910,KOSDAQ,손오공,기타 전문 도매업,"완구, 게임, 캐릭터수입수수료",2005-01-07,12월,김종완,http://www.sonokong.co.kr,경기도,손오공,2017-11-12,1.96
217,86980,KOSDAQ,쇼박스,"영화, 비디오물, 방송프로그램 제작 및 배급업",영화투자및배급,2006-07-07,12월,김도수,http://www.showbox.co.kr,서울특별시,쇼박스,2017-07-23,1.14
218,86980,KOSDAQ,쇼박스,"영화, 비디오물, 방송프로그램 제작 및 배급업",영화투자및배급,2006-07-07,12월,김도수,http://www.showbox.co.kr,서울특별시,쇼박스,2018-11-11,1.36
219,86980,KOSDAQ,쇼박스,"영화, 비디오물, 방송프로그램 제작 및 배급업",영화투자및배급,2006-07-07,12월,김도수,http://www.showbox.co.kr,서울특별시,쇼박스,2020-02-16,1.45
220,86980,KOSDAQ,쇼박스,"영화, 비디오물, 방송프로그램 제작 및 배급업",영화투자및배급,2006-07-07,12월,김도수,http://www.showbox.co.kr,서울특별시,쇼박스,2021-09-26,1.28
221,94840,KOSDAQ,슈프리마에이치큐,통신 및 방송 장비 제조업,지문인식솔루션및시스템,2008-07-11,12월,이재원,,경기도,/m/054rt_p,2019-02-10,1.44
222,192440,KOSDAQ,슈피겐코리아,그외 기타 제품 제조업,"핸드폰 케이스, 액정보호필름",2014-11-05,12월,김대영,http://www.spigenkorea.co.kr/,서울특별시,/g/11g1bq9568,2018-01-28,1.02
223,192440,KOSDAQ,슈피겐코리아,그외 기타 제품 제조업,"핸드폰 케이스, 액정보호필름",2014-11-05,12월,김대영,http://www.spigenkorea.co.kr/,서울특별시,/g/11g1bq9568,2019-05-12,1.67
224,99440,KOSDAQ,스맥,특수 목적용 기계 제조업,공작기계 및 산업용로봇제조,2009-05-26,12월,최영섭,http://www.esmec.com,경상남도,스맥,2021-07-18,1.28
225,115570,KOSDAQ,스타플렉스,플라스틱제품 제조업,"광고용플렉스(조명용,비조명용)",2010-01-27,12월,김세권,http://www.star-flex.com,충청북도,/g/11b_k30qx,2017-12-10,1.19
226,115570,KOSDAQ,스타플렉스,플라스틱제품 제조업,"광고용플렉스(조명용,비조명용)",2010-01-27,12월,김세권,http://www.star-flex.com,충청북도,/g/11b_k30qx,2019-03-17,1.15
227,39670,KOSDAQ,스포츠서울,"서적, 잡지 및 기타 인쇄물 출판업",신문사업(스포츠ㆍ연예 전문 일간지),2004-01-16,03월,이장혁,http://www.sportsseoul.com,서울특별시,스포츠서울,2016-12-18,1.35
228,39670,KOSDAQ,스포츠서울,"서적, 잡지 및 기타 인쇄물 출판업",신문사업(스포츠ㆍ연예 전문 일간지),2004-01-16,03월,이장혁,http://www.sportsseoul.com,서울특별시,스포츠서울,2021-11-28,1.34
229,49830,KOSDAQ,승일,기타 금속 가공제품 제조업,"에어졸캔,에어졸발브,일반관",2001-01-18,12월,현창수,http://sungroup.kr/seungilsun/,충청남도,승일,2017-04-16,1.14
230,49830,KOSDAQ,승일,기타 금속 가공제품 제조업,"에어졸캔,에어졸발브,일반관",2001-01-18,12월,현창수,http://sungroup.kr/seungilsun/,충청남도,승일,2021-09-19,1.03
231,33170,KOSDAQ,시그네틱스,반도체 제조업,반도체 패키징,2010-11-26,12월,백동원,http://www.signetics.com,경기도,시그네틱스,2017-12-03,1.0
232,33170,KOSDAQ,시그네틱스,반도체 제조업,반도체 패키징,2010-11-26,12월,백동원,http://www.signetics.com,경기도,시그네틱스,2021-01-24,2.08
233,25320,KOSDAQ,시노펙스,전자부품 제조업,"전자부품, 필터",1995-04-20,12월,손경익,http://www.synopex.com,경상북도,시노펙스,2017-10-15,1.53
234,25320,KOSDAQ,시노펙스,전자부품 제조업,"전자부품, 필터",1995-04-20,12월,손경익,http://www.synopex.com,경상북도,시노펙스,2019-03-10,1.13
235,25320,KOSDAQ,시노펙스,전자부품 제조업,"전자부품, 필터",1995-04-20,12월,손경익,http://www.synopex.com,경상북도,시노펙스,2020-07-12,1.73
236,131090,KOSDAQ,시큐브,소프트웨어 개발 및 공급업,"시스템보안관리솔루션, 정보유출방지솔루션",2011-12-21,12월,이규호,http://www.secuve.com,서울특별시,/g/11b_kmtvw,2018-02-18,1.15
237,10280,KOSDAQ,쌍용정보통신,"컴퓨터 프로그래밍, 시스템 통합 및 관리업","클라우드,시스템통합(SI),네트워크 설계 및 구축,시스템운영(SM)",2000-04-14,12월,박진국,http://www.sicc.co.kr,서울특별시,/g/11_ygrs0y,2016-12-11,1.07
238,10280,KOSDAQ,쌍용정보통신,"컴퓨터 프로그래밍, 시스템 통합 및 관리업","클라우드,시스템통합(SI),네트워크 설계 및 구축,시스템운영(SM)",2000-04-14,12월,박진국,http://www.sicc.co.kr,서울특별시,/g/11_ygrs0y,2017-12-24,0.57
239,10280,KOSDAQ,쌍용정보통신,"컴퓨터 프로그래밍, 시스템 통합 및 관리업","클라우드,시스템통합(SI),네트워크 설계 및 구축,시스템운영(SM)",2000-04-14,12월,박진국,http://www.sicc.co.kr,서울특별시,/g/11_ygrs0y,2019-03-03,0.48
240,10280,KOSDAQ,쌍용정보통신,"컴퓨터 프로그래밍, 시스템 통합 및 관리업","클라우드,시스템통합(SI),네트워크 설계 및 구축,시스템운영(SM)",2000-04-14,12월,박진국,http://www.sicc.co.kr,서울특별시,/g/11_ygrs0y,2020-04-12,0.38
241,10280,KOSDAQ,쌍용정보통신,"컴퓨터 프로그래밍, 시스템 통합 및 관리업","클라우드,시스템통합(SI),네트워크 설계 및 구축,시스템운영(SM)",2000-04-14,12월,박진국,http://www.sicc.co.kr,서울특별시,/g/11_ygrs0y,2021-04-18,0.42
242,208640,KOSDAQ,썸에이지,소프트웨어 개발 및 공급업,소프트웨어 개발 및 공급업,2014-12-29,12월,박홍서,http://www.thumbage.co.kr,경기도,썸에이지,2019-11-10,1.08
243,208640,KOSDAQ,썸에이지,소프트웨어 개발 및 공급업,소프트웨어 개발 및 공급업,2014-12-29,12월,박홍서,http://www.thumbage.co.kr,경기도,썸에이지,2021-02-14,1.04
244,222420,KOSDAQ,쎄노텍,기타 비금속 광물제품 제조업,세라믹 비드,2015-08-06,12월,"이승호, 허명구 (각자)",http://www.cenotec.com,경상남도,/g/11bwqbdtwy,2017-12-10,0.88
245,222420,KOSDAQ,쎄노텍,기타 비금속 광물제품 제조업,세라믹 비드,2015-08-06,12월,"이승호, 허명구 (각자)",http://www.cenotec.com,경상남도,/g/11bwqbdtwy,2019-12-08,0.76
246,222420,KOSDAQ,쎄노텍,기타 비금속 광물제품 제조업,세라믹 비드,2015-08-06,12월,"이승호, 허명구 (각자)",http://www.cenotec.com,경상남도,/g/11bwqbdtwy,2021-02-14,0.74
247,99320,KOSDAQ,쎄트렉아이,"항공기,우주선 및 부품 제조업","인공위성시스템, 위성지상국, 위성부분품 개발 및 제조",2008-06-13,12월,김이을,http://www.satreci.com,대전광역시,/g/11f11nqqtd,2021-06-13,1.52
248,49960,KOSDAQ,쎌바이오텍,기초 의약물질 및 생물학적 제제 제조업,유산균 원말 및 완제품,2002-12-13,12월,정명준,http://www.cellbiotech.com,경기도,/g/11byd0p90g,2018-04-29,1.15
249,222080,KOSDAQ,씨아이에스,특수 목적용 기계 제조업,2차전지 제조설비,2015-09-02,12월,김수하,http://www.cisro.co.kr,대구광역시,/g/11bwqbhmyk,2020-05-17,1.05
250,222080,KOSDAQ,씨아이에스,특수 목적용 기계 제조업,2차전지 제조설비,2015-09-02,12월,김수하,http://www.cisro.co.kr,대구광역시,/g/11bwqbhmyk,2021-06-06,1.15
251,96530,KOSDAQ,씨젠,의료용품 및 기타 의약 관련제품 제조업,"호흡기성 병원체 검사제품, 성감염증원인균 검사제품",2010-09-10,12월,천종윤,http://seegene.co.kr,서울특별시,/g/11b5pgyg1k,2020-03-08,1.26
252,13990,KOSDAQ,아가방컴퍼니,생활용품 도매업,유아용 의류 및 용품,2002-01-17,12월,신상국,http://www.agabang.com,서울특별시,/m/0hqxkp6,2017-01-29,1.2
253,13990,KOSDAQ,아가방컴퍼니,생활용품 도매업,유아용 의류 및 용품,2002-01-17,12월,신상국,http://www.agabang.com,서울특별시,/m/0hqxkp6,2021-05-30,1.82
254,25980,KOSDAQ,아난티,일반 및 생활 숙박시설 운영업,리조트 운영 및 분양,1996-01-06,12월,이만규,http://www.ananti.kr,충청북도,/g/11bycygrxj,2021-11-28,1.75
255,92040,KOSDAQ,아미코젠,기타 식품 제조업,제약용 특수효소 및 효소기반 바이오신소재,2013-09-12,12월,신용철,http://www.amicogen.com,경상남도,/g/12tn7z_b7,2017-01-01,1.07
256,92040,KOSDAQ,아미코젠,기타 식품 제조업,제약용 특수효소 및 효소기반 바이오신소재,2013-09-12,12월,신용철,http://www.amicogen.com,경상남도,/g/12tn7z_b7,2018-04-15,1.28
257,92040,KOSDAQ,아미코젠,기타 식품 제조업,제약용 특수효소 및 효소기반 바이오신소재,2013-09-12,12월,신용철,http://www.amicogen.com,경상남도,/g/12tn7z_b7,2020-01-19,1.39
258,83930,KOSDAQ,아바코,특수 목적용 기계 제조업,평판디스플레이제조용장비,2005-10-11,12월,김광현,http://www.avaco.co.kr,대구광역시,아바코,2016-12-11,0.57
259,83930,KOSDAQ,아바코,특수 목적용 기계 제조업,평판디스플레이제조용장비,2005-10-11,12월,김광현,http://www.avaco.co.kr,대구광역시,아바코,2017-12-17,0.55
260,83930,KOSDAQ,아바코,특수 목적용 기계 제조업,평판디스플레이제조용장비,2005-10-11,12월,김광현,http://www.avaco.co.kr,대구광역시,아바코,2019-01-06,0.52
261,83930,KOSDAQ,아바코,특수 목적용 기계 제조업,평판디스플레이제조용장비,2005-10-11,12월,김광현,http://www.avaco.co.kr,대구광역시,아바코,2020-01-12,0.43
262,83930,KOSDAQ,아바코,특수 목적용 기계 제조업,평판디스플레이제조용장비,2005-10-11,12월,김광현,http://www.avaco.co.kr,대구광역시,아바코,2021-01-24,0.43
263,67390,KOSDAQ,아스트,"항공기,우주선 및 부품 제조업",항공기용 부품 제조 및 동체 조립,2014-12-24,12월,김희원,http://www.astk.co.kr,경상남도,아스트,2019-08-04,1.04
264,127710,KOSDAQ,아시아경제,"자료처리, 호스팅, 포털 및 기타 인터넷 정보매개 서비스업",광고 및 콘텐츠,2015-07-31,12월,"이의철,마영민(각자대표이사)",http://www.asiae.co.kr,서울특별시,아시아경제,2018-02-04,1.27
265,99190,KOSDAQ,아이센스,의료용 기기 제조업,"혈당측정스트립, 혈당측정기기 등",2013-01-30,12월,"차근식, 남학현(각자 대표이사)",http://www.i-sens.com,서울특별시,/g/11_yj4lsj,2019-03-10,1.15
266,99190,KOSDAQ,아이센스,의료용 기기 제조업,"혈당측정스트립, 혈당측정기기 등",2013-01-30,12월,"차근식, 남학현(각자 대표이사)",http://www.i-sens.com,서울특별시,/g/11_yj4lsj,2021-10-31,1.06
267,38880,KOSDAQ,아이에이,전자부품 제조업,"반도체 및 모듈, 제어기",2000-04-27,12월,김동진,http://www.ia-inc.kr,서울특별시,/m/0h2jvv,2017-01-01,1.16
268,38880,KOSDAQ,아이에이,전자부품 제조업,"반도체 및 모듈, 제어기",2000-04-27,12월,김동진,http://www.ia-inc.kr,서울특별시,/m/0h2jvv,2019-03-31,1.03
269,101390,KOSDAQ,아이엠,전자부품 제조업,휴대폰카메라모듈 등,2008-07-23,12월,김태동,http://www.im2006.com,경기도,아이엠,2016-12-18,1.17
270,101390,KOSDAQ,아이엠,전자부품 제조업,휴대폰카메라모듈 등,2008-07-23,12월,김태동,http://www.im2006.com,경기도,아이엠,2021-10-17,1.92
271,78860,KOSDAQ,아이오케이,"영화, 비디오물, 방송프로그램 제작 및 배급업",연예인 매니지먼트,2006-06-27,12월,한성구,http://www.iok.co.kr,서울특별시,/g/11f3w6msct,2020-09-06,4.76
272,78860,KOSDAQ,아이오케이,"영화, 비디오물, 방송프로그램 제작 및 배급업",연예인 매니지먼트,2006-06-27,12월,한성구,http://www.iok.co.kr,서울특별시,/g/11f3w6msct,2021-10-03,1.05
273,185490,KOSDAQ,아이진,자연과학 및 공학 연구개발업,"당뇨성망막병증 치료제, 욕창치료제, 자궁경부암 예방 백신 등",2015-11-16,12월,유원일,http://www.eyegene.co.kr,서울특별시,아이진,2017-09-17,0.89
274,185490,KOSDAQ,아이진,자연과학 및 공학 연구개발업,"당뇨성망막병증 치료제, 욕창치료제, 자궁경부암 예방 백신 등",2015-11-16,12월,유원일,http://www.eyegene.co.kr,서울특별시,아이진,2021-01-03,1.08
275,119830,KOSDAQ,아이텍,"그외 기타 전문, 과학 및 기술 서비스업",비메모리 반도체 테스트,2010-10-26,12월,이장혁,http://www.iteksemi.com,경기도,아이텍,2018-04-22,1.17
276,119830,KOSDAQ,아이텍,"그외 기타 전문, 과학 및 기술 서비스업",비메모리 반도체 테스트,2010-10-26,12월,이장혁,http://www.iteksemi.com,경기도,아이텍,2021-01-10,1.3
277,13310,KOSDAQ,아진산업,자동차 신품 부품 제조업,자동차 차체 부품,2015-12-22,12월,서중호,http://www.wamc.co.kr,경상북도,/g/11hcjtk7dl,2021-01-10,1.08
278,67160,KOSDAQ,아프리카TV,소프트웨어 개발 및 공급업,미디어플랫폼,2003-12-19,12월,"Seo Soo Kiel, Jung Chan Yong",http://corp.afreecatv.com,경기도,아프리카TV,2021-10-10,1.06
279,53800,KOSDAQ,안랩,소프트웨어 개발 및 공급업,바이러스백신 프로그램,2001-09-13,12월,강석균,http://www.ahnlab.com,경기도,/m/05c229r,2017-02-05,1.02
280,131370,KOSDAQ,알서포트,소프트웨어 개발 및 공급업,"원격지원,제어 솔루션",2011-01-05,12월,서형수,http://www.rsupport.com,서울특별시,/g/11b77l3tyq,2020-08-30,1.39
281,196170,KOSDAQ,알테오젠,자연과학 및 공학 연구개발업,바이오시밀러 및 바이오베터,2014-12-12,12월,박순재,http://www.alteogen.com,대전광역시,/g/11b6wjrff_,2019-12-01,1.78
282,196170,KOSDAQ,알테오젠,자연과학 및 공학 연구개발업,바이오시밀러 및 바이오베터,2014-12-12,12월,박순재,http://www.alteogen.com,대전광역시,/g/11b6wjrff_,2021-01-03,1.13
283,52790,KOSDAQ,액토즈소프트,소프트웨어 개발 및 공급업,온라인 게임 및 모바일 게임,2001-08-14,12월,구오하이빈(Guo Haibin),http://www.actoz.com,서울특별시,/m/0x22617,2017-05-14,1.28
284,52790,KOSDAQ,액토즈소프트,소프트웨어 개발 및 공급업,온라인 게임 및 모바일 게임,2001-08-14,12월,구오하이빈(Guo Haibin),http://www.actoz.com,서울특별시,/m/0x22617,2021-06-13,0.99
285,60230,KOSDAQ,얍엑스,전자부품 제조업,화학제품 및 전자재료,2002-06-25,12월,최시명,http://www.exax.co.kr,충청남도,/g/112yd2p9k,2017-05-28,1.16
286,60230,KOSDAQ,얍엑스,전자부품 제조업,화학제품 및 전자재료,2002-06-25,12월,최시명,http://www.exax.co.kr,충청남도,/g/112yd2p9k,2021-03-21,1.45
287,102120,KOSDAQ,어보브반도체,반도체 제조업,"반도체,전자제품,마이크로컨트롤라",2009-06-05,12월,최원,http://abov.co.kr,충청북도,/g/11bc72cwgx,2017-01-01,1.12
288,102120,KOSDAQ,어보브반도체,반도체 제조업,"반도체,전자제품,마이크로컨트롤라",2009-06-05,12월,최원,http://abov.co.kr,충청북도,/g/11bc72cwgx,2018-01-14,1.33
289,102120,KOSDAQ,어보브반도체,반도체 제조업,"반도체,전자제품,마이크로컨트롤라",2009-06-05,12월,최원,http://abov.co.kr,충청북도,/g/11bc72cwgx,2021-04-18,1.16
290,38680,KOSDAQ,에스넷,"컴퓨터 프로그래밍, 시스템 통합 및 관리업","네트워크장비 설치 및 납품, 유지보수",2000-04-27,12월,"박효대, 장병강",http://www.snetsystems.co.kr,서울특별시,/g/11bbxrnwpq,2019-07-21,1.23
291,38680,KOSDAQ,에스넷,"컴퓨터 프로그래밍, 시스템 통합 및 관리업","네트워크장비 설치 및 납품, 유지보수",2000-04-27,12월,"박효대, 장병강",http://www.snetsystems.co.kr,서울특별시,/g/11bbxrnwpq,2020-09-06,1.01
292,38680,KOSDAQ,에스넷,"컴퓨터 프로그래밍, 시스템 통합 및 관리업","네트워크장비 설치 및 납품, 유지보수",2000-04-27,12월,"박효대, 장병강",http://www.snetsystems.co.kr,서울특별시,/g/11bbxrnwpq,2021-10-24,1.09
293,101490,KOSDAQ,에스앤에스텍,전자부품 제조업,블랭크마스크,2009-04-14,12월,정수홍,http://www.snstech.co.kr,대구광역시,/m/0cp6t_r,2020-08-02,1.04
294,56190,KOSDAQ,에스에프에이,특수 목적용 기계 제조업,"디스플레이, 2차전지, 반도체 제조설비 및 공장자동화기기",2001-12-18,12월,김영민,http://www.sfa.co.kr,경기도,/g/1pwgtlxv9,2018-05-13,0.94
295,56190,KOSDAQ,에스에프에이,특수 목적용 기계 제조업,"디스플레이, 2차전지, 반도체 제조설비 및 공장자동화기기",2001-12-18,12월,김영민,http://www.sfa.co.kr,경기도,/g/1pwgtlxv9,2020-01-05,1.04
296,56190,KOSDAQ,에스에프에이,특수 목적용 기계 제조업,"디스플레이, 2차전지, 반도체 제조설비 및 공장자동화기기",2001-12-18,12월,김영민,http://www.sfa.co.kr,경기도,/g/1pwgtlxv9,2021-01-24,1.0
297,69510,KOSDAQ,에스텍,영상 및 음향기기 제조업,스피커 및 스피커시스템,2003-11-14,12월,오인용,http://www.estec.co.kr,경상남도,에스텍,2019-12-22,1.04
298,41910,KOSDAQ,에스텍파마,의약품 제조업,원료의약품,2004-02-06,12월,김재철,http://www.estechpharma.com,경기도,에스텍파마,2017-06-04,1.45
299,41910,KOSDAQ,에스텍파마,의약품 제조업,원료의약품,2004-02-06,12월,김재철,http://www.estechpharma.com,경기도,에스텍파마,2020-04-19,1.0
300,98660,KOSDAQ,에스티오,봉제의복 제조업,"셔츠,자켓/바지, 타이",2009-04-17,12월,김흥수,http://www.thesto.kr,서울특별시,에스티오,2020-03-01,1.08
301,200710,KOSDAQ,에이디테크놀로지,반도체 제조업,주문형 반도체,2014-12-16,12월,"김준석, 박준규 (각자 대표이사)",http://www.adtek.co.kr,경기도,에이디테크놀로지,2020-01-26,1.12
302,200710,KOSDAQ,에이디테크놀로지,반도체 제조업,주문형 반도체,2014-12-16,12월,"김준석, 박준규 (각자 대표이사)",http://www.adtek.co.kr,경기도,에이디테크놀로지,2021-04-04,1.1
303,28300,KOSDAQ,에이치엘비,선박 및 보트 건조업,"구명정, GRP/GRE PIPPE",1996-07-27,12월,"진양곤, 김동건 (각자대표)",http://www.hlbkorea.com,울산광역시,/g/121nm7zs,2019-10-20,1.92
304,28300,KOSDAQ,에이치엘비,선박 및 보트 건조업,"구명정, GRP/GRE PIPPE",1996-07-27,12월,"진양곤, 김동건 (각자대표)",http://www.hlbkorea.com,울산광역시,/g/121nm7zs,2021-02-14,1.56
305,44780,KOSDAQ,에이치케이,특수 목적용 기계 제조업,레이저가공 절단기,2000-09-07,12월,계명재,http://www.hk-global.com,경기도,/g/11bw7ddp5l,2018-07-08,1.07
306,44780,KOSDAQ,에이치케이,특수 목적용 기계 제조업,레이저가공 절단기,2000-09-07,12월,계명재,http://www.hk-global.com,경기도,/g/11bw7ddp5l,2021-07-25,6.2
307,45660,KOSDAQ,에이텍,컴퓨터 및 주변장치 제조업,"PC,모니터",2001-05-24,12월,한가진,http://www.atec.kr,경기도,에이텍,2016-12-25,0.88
308,45660,KOSDAQ,에이텍,컴퓨터 및 주변장치 제조업,"PC,모니터",2001-05-24,12월,한가진,http://www.atec.kr,경기도,에이텍,2018-02-18,1.21
309,45660,KOSDAQ,에이텍,컴퓨터 및 주변장치 제조업,"PC,모니터",2001-05-24,12월,한가진,http://www.atec.kr,경기도,에이텍,2020-07-12,1.05
310,45660,KOSDAQ,에이텍,컴퓨터 및 주변장치 제조업,"PC,모니터",2001-05-24,12월,한가진,http://www.atec.kr,경기도,에이텍,2021-09-26,0.91
311,86520,KOSDAQ,에코프로,기타 화학제품 제조업,"환경소재,화학필터,이차전지소재등",2007-07-20,12월,이동채,http://www.ecopro.co.kr,충청북도,/g/11b7qnpvn4,2017-09-24,1.07
312,86520,KOSDAQ,에코프로,기타 화학제품 제조업,"환경소재,화학필터,이차전지소재등",2007-07-20,12월,이동채,http://www.ecopro.co.kr,충청북도,/g/11b7qnpvn4,2020-08-09,1.16
313,86520,KOSDAQ,에코프로,기타 화학제품 제조업,"환경소재,화학필터,이차전지소재등",2007-07-20,12월,이동채,http://www.ecopro.co.kr,충청북도,/g/11b7qnpvn4,2021-08-15,0.99
314,36810,KOSDAQ,에프에스티,전자부품 제조업,"펠리클(반도체부품), 칠러장비, 반도체유통",2000-01-18,12월,유장동,http://www.fstc.co.kr,경기도,에프에스티,2017-09-17,0.54
315,36810,KOSDAQ,에프에스티,전자부품 제조업,"펠리클(반도체부품), 칠러장비, 반도체유통",2000-01-18,12월,유장동,http://www.fstc.co.kr,경기도,에프에스티,2018-10-21,0.49
316,36810,KOSDAQ,에프에스티,전자부품 제조업,"펠리클(반도체부품), 칠러장비, 반도체유통",2000-01-18,12월,유장동,http://www.fstc.co.kr,경기도,에프에스티,2019-11-17,0.92
317,36810,KOSDAQ,에프에스티,전자부품 제조업,"펠리클(반도체부품), 칠러장비, 반도체유통",2000-01-18,12월,유장동,http://www.fstc.co.kr,경기도,에프에스티,2020-11-22,0.44
318,950130,KOSDAQ,엑세스바이오,의료용품 및 기타 의약 관련제품 제조업,"말라리아 진단키트(RDT), HIV 진단키트(RDT)",2013-05-30,12월,최영호,http://www.accessbio.net,미국,/g/11c6qs3tvy,2020-08-09,1.39
319,950130,KOSDAQ,엑세스바이오,의료용품 및 기타 의약 관련제품 제조업,"말라리아 진단키트(RDT), HIV 진단키트(RDT)",2013-05-30,12월,최영호,http://www.accessbio.net,미국,/g/11c6qs3tvy,2021-09-12,1.39
320,205100,KOSDAQ,엑셈,소프트웨어 개발 및 공급업,"DB, E2E 성능관리 SW",2014-11-07,12월,조종암,http://www.ex-em.com,서울특별시,/g/11bc64gfdq,2020-05-10,1.04
321,217820,KOSDAQ,엔에스,특수 목적용 기계 제조업,2차전지 자동화 설비,2015-12-07,12월,이세용,http://www.cns2.co.kr,충청북도,엔에스,2021-06-13,1.01
322,69410,KOSDAQ,엔텔스,소프트웨어 개발 및 공급업,운용지원솔루션,2007-06-20,12월,최영래,http://www.ntels.com,서울특별시,/g/1tc_c5pl,2017-02-05,0.46
323,69410,KOSDAQ,엔텔스,소프트웨어 개발 및 공급업,운용지원솔루션,2007-06-20,12월,최영래,http://www.ntels.com,서울특별시,/g/1tc_c5pl,2018-02-11,1.32
324,69410,KOSDAQ,엔텔스,소프트웨어 개발 및 공급업,운용지원솔루션,2007-06-20,12월,최영래,http://www.ntels.com,서울특별시,/g/1tc_c5pl,2019-04-14,0.44
325,69410,KOSDAQ,엔텔스,소프트웨어 개발 및 공급업,운용지원솔루션,2007-06-20,12월,최영래,http://www.ntels.com,서울특별시,/g/1tc_c5pl,2021-07-11,0.79
326,61970,KOSDAQ,엘비세미콘,반도체 제조업,"골드범핑, 솔더범핑 등",2011-01-31,12월,박노만,http://www.lbsemicon.com,경기도,/g/11b_lsllc,2019-01-06,1.12
327,61970,KOSDAQ,엘비세미콘,반도체 제조업,"골드범핑, 솔더범핑 등",2011-01-31,12월,박노만,http://www.lbsemicon.com,경기도,/g/11b_lsllc,2020-02-02,0.97
328,61970,KOSDAQ,엘비세미콘,반도체 제조업,"골드범핑, 솔더범핑 등",2011-01-31,12월,박노만,http://www.lbsemicon.com,경기도,/g/11b_lsllc,2021-05-02,0.97
329,58630,KOSDAQ,엠게임,소프트웨어 개발 및 공급업,"온라인 게임 개발 및 퍼블리싱(열혈강호온라인,홀릭2,영웅)",2008-12-19,12월,권이형,http://www.mgamecorp.com,서울특별시,엠게임,2021-10-10,1.06
330,123040,KOSDAQ,엠에스오토텍,자동차 신품 부품 제조업,자동차 차체 부품,2010-08-06,12월,김범준,http://ms-global.com,경상북도,/g/11b_kf3xm,2020-03-01,1.25
331,115960,KOSDAQ,연우,플라스틱제품 제조업,화장품 용기,2015-11-02,12월,기중현,http://www.yonwookorea.com,인천광역시,연우,2021-08-29,2.17
332,53280,KOSDAQ,예스24,무점포 소매업,"도서,음반/DVD,화장품",2008-05-07,12월,김석환,,서울특별시,/m/0v4gqdm,2017-04-09,1.19
333,53280,KOSDAQ,예스24,무점포 소매업,"도서,음반/DVD,화장품",2008-05-07,12월,김석환,,서울특별시,/m/0v4gqdm,2018-04-15,1.28
334,53280,KOSDAQ,예스24,무점포 소매업,"도서,음반/DVD,화장품",2008-05-07,12월,김석환,,서울특별시,/m/0v4gqdm,2019-11-24,1.03
335,53280,KOSDAQ,예스24,무점포 소매업,"도서,음반/DVD,화장품",2008-05-07,12월,김석환,,서울특별시,/m/0v4gqdm,2021-11-21,1.07
336,122640,KOSDAQ,예스티,특수 목적용 기계 제조업,반도체 및 디스플레이 제조 장비,2015-12-16,12월,"장동복, 강임수 각자대표이사",http://www.yest.co.kr,경기도,예스티,2021-03-07,1.39
337,45060,KOSDAQ,오공,기타 화학제품 제조업,"접착제,씰란트,광택제,연마제",2000-08-10,12월,"김윤정, 조한창",http://www.okong.com,인천광역시,오공,2017-11-12,1.35
338,45060,KOSDAQ,오공,기타 화학제품 제조업,"접착제,씰란트,광택제,연마제",2000-08-10,12월,"김윤정, 조한창",http://www.okong.com,인천광역시,오공,2020-02-23,1.01
339,53980,KOSDAQ,오상자이엘,"컴퓨터 프로그래밍, 시스템 통합 및 관리업",CATIA Solution,2002-04-09,12월,"이국래,김선기(각자 대표이사)",http://www.osangjaiel.co.kr,인천광역시,/g/11b_lft9v,2020-03-29,1.52
340,48260,KOSDAQ,오스템임플란트,의료용 기기 제조업,치과용임플란트,2007-02-07,12월,엄태관,http://www.osstem.com,서울특별시,오스템임플란트,2017-05-07,1.26
341,48260,KOSDAQ,오스템임플란트,의료용 기기 제조업,치과용임플란트,2007-02-07,12월,엄태관,http://www.osstem.com,서울특별시,오스템임플란트,2020-09-20,1.19
342,48260,KOSDAQ,오스템임플란트,의료용 기기 제조업,치과용임플란트,2007-02-07,12월,엄태관,http://www.osstem.com,서울특별시,오스템임플란트,2021-11-28,2.38
343,67170,KOSDAQ,오텍,자동차 재제조 부품 제조업,"냉동 및 내장탑차, 앰블란스",2003-11-14,12월,"강성희, 소남영(각자 대표이사)",http://www.autech.co.kr,충청남도,/g/11bwwl8392,2020-08-16,1.14
344,49480,KOSDAQ,오픈베이스,"컴퓨터 프로그래밍, 시스템 통합 및 관리업","트래픽솔루션(웹스위치,트래픽서버)",2001-01-09,12월,송규헌,http://www.openbase.co.kr,서울특별시,오픈베이스,2018-03-11,1.45
345,122990,KOSDAQ,와이솔,전자부품 제조업,"SAW Filter, Wafer Chip, Duplexer",2010-09-10,12월,염상덕,http://www.wisol.co.kr,경기도,와이솔,2017-06-25,1.28
346,122990,KOSDAQ,와이솔,전자부품 제조업,"SAW Filter, Wafer Chip, Duplexer",2010-09-10,12월,염상덕,http://www.wisol.co.kr,경기도,와이솔,2019-07-07,1.08
347,122990,KOSDAQ,와이솔,전자부품 제조업,"SAW Filter, Wafer Chip, Duplexer",2010-09-10,12월,염상덕,http://www.wisol.co.kr,경기도,와이솔,2020-09-20,1.21
348,155650,KOSDAQ,와이엠씨,전자부품 제조업,"FPD 패널용 Target, Backing Plate 등",2012-11-15,12월,이윤용,http://www.ymc-inc.com,충청남도,/m/0wcyz94,2017-01-22,1.27
349,155650,KOSDAQ,와이엠씨,전자부품 제조업,"FPD 패널용 Target, Backing Plate 등",2012-11-15,12월,이윤용,http://www.ymc-inc.com,충청남도,/m/0wcyz94,2018-03-18,1.03
350,122870,KOSDAQ,와이지엔터테인먼트,오디오물 출판 및 원판 녹음업,"음악 및 기타 오디오물 출판, 신인 아티스트 육성 및 매니지먼트",2011-11-23,12월,황보경,http://www.ygfamily.com,서울특별시,/m/082m25,2018-12-30,1.11
351,122870,KOSDAQ,와이지엔터테인먼트,오디오물 출판 및 원판 녹음업,"음악 및 기타 오디오물 출판, 신인 아티스트 육성 및 매니지먼트",2011-11-23,12월,황보경,http://www.ygfamily.com,서울특별시,/m/082m25,2021-10-03,2.78
352,32820,KOSDAQ,우리기술,"전동기, 발전기 및 전기 변환 · 공급 · 제어 장치 제조업","시스템사업, 정보통신사업",2000-06-22,12월,노갑선,http://www.wooritg.com,서울특별시,우리기술,2018-01-07,1.57
353,32820,KOSDAQ,우리기술,"전동기, 발전기 및 전기 변환 · 공급 · 제어 장치 제조업","시스템사업, 정보통신사업",2000-06-22,12월,노갑선,http://www.wooritg.com,서울특별시,우리기술,2021-04-04,1.37
354,41190,KOSDAQ,우리기술투자,기타 금융업,창업자에 대한 투자 및 융자,2000-06-09,12월,이정훈,http://www.wooricapital.co.kr,서울특별시,/g/11b86rkyms,2017-12-03,1.02
355,41190,KOSDAQ,우리기술투자,기타 금융업,창업자에 대한 투자 및 융자,2000-06-09,12월,이정훈,http://www.wooricapital.co.kr,서울특별시,/g/11b86rkyms,2021-03-21,1.27
356,46970,KOSDAQ,우리로,기타 전문 도매업,"광분배기(웨이퍼, 칩, 모듈), 광다이오드",2012-11-27,12월,박세철,http://www.wooriro.com,광주광역시,우리로,2021-11-28,1.01
357,131390,KOSDAQ,원익피앤이,"전동기, 발전기 및 전기 변환 · 공급 · 제어 장치 제조업","2차전지 공정용 장비, 산업용 정류기",2011-09-27,12월,박동찬,http://www.pnesolution.com,경기도,/g/11b_lpplx,2019-11-24,1.02
358,131390,KOSDAQ,원익피앤이,"전동기, 발전기 및 전기 변환 · 공급 · 제어 장치 제조업","2차전지 공정용 장비, 산업용 정류기",2011-09-27,12월,박동찬,http://www.pnesolution.com,경기도,/g/11b_lpplx,2021-02-14,1.65
359,65950,KOSDAQ,웰크론,직물직조 및 직물제품 제조업,"기능성 침구용품, 크리너, 필터, 방탄·방검복",2003-07-29,12월,이영규,http://www.welcron.com,서울특별시,웰크론,2017-01-08,1.08
360,65950,KOSDAQ,웰크론,직물직조 및 직물제품 제조업,"기능성 침구용품, 크리너, 필터, 방탄·방검복",2003-07-29,12월,이영규,http://www.welcron.com,서울특별시,웰크론,2018-06-24,1.35
361,65950,KOSDAQ,웰크론,직물직조 및 직물제품 제조업,"기능성 침구용품, 크리너, 필터, 방탄·방검복",2003-07-29,12월,이영규,http://www.welcron.com,서울특별시,웰크론,2020-01-26,1.47
362,69080,KOSDAQ,웹젠,소프트웨어 개발 및 공급업,3D 온라인게임 '뮤(MU)',2003-05-23,12월,김태영,http://company.webzen.com,경기도,/m/094x7_,2017-11-05,1.02
363,44340,KOSDAQ,위닉스,가정용 기기 제조업,일반목적용 기계제조업,2000-10-24,12월,"윤희종, 윤철민",http://www.e-winix.co.kr,경기도,위닉스,2017-05-07,1.4
364,44340,KOSDAQ,위닉스,가정용 기기 제조업,일반목적용 기계제조업,2000-10-24,12월,"윤희종, 윤철민",http://www.e-winix.co.kr,경기도,위닉스,2019-03-03,2.43
365,44340,KOSDAQ,위닉스,가정용 기기 제조업,일반목적용 기계제조업,2000-10-24,12월,"윤희종, 윤철민",http://www.e-winix.co.kr,경기도,위닉스,2021-02-14,1.47
366,112040,KOSDAQ,위메이드,소프트웨어 개발 및 공급업,미르의전설2,2009-12-18,12월,장현국,http://corp.wemade.com,경기도,/m/04l4d7,2017-04-16,0.93
367,112040,KOSDAQ,위메이드,소프트웨어 개발 및 공급업,미르의전설2,2009-12-18,12월,장현국,http://corp.wemade.com,경기도,/m/04l4d7,2021-08-29,2.2
368,36090,KOSDAQ,위지트,특수 목적용 기계 제조업,LCD 반도체,1999-12-10,12월,김상우,http://www.wizit.co.kr,인천광역시,위지트,2017-12-10,1.18
369,36090,KOSDAQ,위지트,특수 목적용 기계 제조업,LCD 반도체,1999-12-10,12월,김상우,http://www.wizit.co.kr,인천광역시,위지트,2020-12-13,1.33
370,136540,KOSDAQ,윈스,"컴퓨터 프로그래밍, 시스템 통합 및 관리업","네크워크보안장비(IPS, 안티 DDoS)",2011-05-02,12월,김대연,http://www.wins21.co.kr,경기도,윈스,2018-03-04,1.05
371,136540,KOSDAQ,윈스,"컴퓨터 프로그래밍, 시스템 통합 및 관리업","네크워크보안장비(IPS, 안티 DDoS)",2011-05-02,12월,김대연,http://www.wins21.co.kr,경기도,윈스,2021-09-05,1.19
372,36200,KOSDAQ,유니셈,특수 목적용 기계 제조업,반도체장비(DryGasScrubber),1999-12-10,12월,"김형균,이양구(각자대표)",http://www.unisem.co.kr,경기도,/g/11bycytlxz,2017-01-29,1.06
373,36200,KOSDAQ,유니셈,특수 목적용 기계 제조업,반도체장비(DryGasScrubber),1999-12-10,12월,"김형균,이양구(각자대표)",http://www.unisem.co.kr,경기도,/g/11bycytlxz,2018-07-15,1.04
374,36200,KOSDAQ,유니셈,특수 목적용 기계 제조업,반도체장비(DryGasScrubber),1999-12-10,12월,"김형균,이양구(각자대표)",http://www.unisem.co.kr,경기도,/g/11bycytlxz,2021-01-24,1.16
375,18000,KOSDAQ,유니슨,일반 목적용 기계 제조업,"풍력발전기, 풍력타워",1996-01-10,12월,허화도,http://www.unison.co.kr,경상남도,유니슨,2020-08-23,1.15
376,11320,KOSDAQ,유니크,자동차 신품 부품 제조업,"EGR밸브, 유압솔레노이드밸브, 퓨얼벤트밸브, 퓨얼컷트밸브, 체크밸브, 케니스타 등",1993-12-29,12월,안정구,http://www.unick.co.kr,경상남도,유니크,2021-09-26,1.82
377,86390,KOSDAQ,유니테스트,특수 목적용 기계 제조업,"반도체메모리주검사장비생산(메모리컴포넌트테스터,메모리모듈테스트)",2006-12-05,12월,김종현,http://www.uni-test.com,경기도,유니테스트,2017-02-05,1.04
378,86390,KOSDAQ,유니테스트,특수 목적용 기계 제조업,"반도체메모리주검사장비생산(메모리컴포넌트테스터,메모리모듈테스트)",2006-12-05,12월,김종현,http://www.uni-test.com,경기도,유니테스트,2021-02-14,1.15
379,32620,KOSDAQ,유비케어,소프트웨어 개발 및 공급업,"의사랑,유팜,미소몰",1997-05-02,12월,이상경 대표이사,http://www.ubcare.co.kr,서울특별시,/g/11b_ksj0j,2018-05-06,1.24
380,32620,KOSDAQ,유비케어,소프트웨어 개발 및 공급업,"의사랑,유팜,미소몰",1997-05-02,12월,이상경 대표이사,http://www.ubcare.co.kr,서울특별시,/g/11b_ksj0j,2020-04-12,1.26
381,54930,KOSDAQ,유신,"건축기술, 엔지니어링 및 관련 기술 서비스업",토목설계 및 감리,2002-01-15,12월,"한영수, 박석성(각자대표)",http://www.yooshin.co.kr,서울특별시,유신,2020-07-05,1.79
382,56080,KOSDAQ,유진로봇,특수 목적용 기계 제조업,"청소로봇, 완구류외",2001-11-13,12월,박성주,http://www.yujinrobot.com,인천광역시,유진로봇,2017-03-19,1.03
383,56080,KOSDAQ,유진로봇,특수 목적용 기계 제조업,"청소로봇, 완구류외",2001-11-13,12월,박성주,http://www.yujinrobot.com,인천광역시,유진로봇,2018-06-03,1.32
384,56080,KOSDAQ,유진로봇,특수 목적용 기계 제조업,"청소로봇, 완구류외",2001-11-13,12월,박성주,http://www.yujinrobot.com,인천광역시,유진로봇,2021-02-28,1.12
385,84370,KOSDAQ,유진테크,특수 목적용 기계 제조업,실리콘질화막증착용LP-CVD,2006-01-17,12월,엄평용,http://www.eugenetech.co.kr,경기도,유진테크,2017-12-03,1.02
386,84370,KOSDAQ,유진테크,특수 목적용 기계 제조업,실리콘질화막증착용LP-CVD,2006-01-17,12월,엄평용,http://www.eugenetech.co.kr,경기도,유진테크,2020-07-19,1.15
387,88390,KOSDAQ,이녹스,그외 기타 운송장비 제조업,"FPCB소재,반도체PKG소재,디스플레이소재,OLED소재",2006-10-20,12월,박정진,http://www.innoxcorp.com,충청남도,이녹스,2017-11-19,1.27
388,88390,KOSDAQ,이녹스,그외 기타 운송장비 제조업,"FPCB소재,반도체PKG소재,디스플레이소재,OLED소재",2006-10-20,12월,박정진,http://www.innoxcorp.com,충청남도,이녹스,2020-09-27,1.03
389,115610,KOSDAQ,이미지스,반도체 제조업,"터치스크린칩, 햅틱칩",2010-02-26,12월,김정철,http://imagis.co.kr,경기도,이미지스,2017-07-30,1.12
390,115610,KOSDAQ,이미지스,반도체 제조업,"터치스크린칩, 햅틱칩",2010-02-26,12월,김정철,http://imagis.co.kr,경기도,이미지스,2020-11-15,1.48
391,115610,KOSDAQ,이미지스,반도체 제조업,"터치스크린칩, 햅틱칩",2010-02-26,12월,김정철,http://imagis.co.kr,경기도,이미지스,2021-11-28,1.67
392,78020,KOSDAQ,이베스트투자증권,금융 지원 서비스업,유가증권위탁매매,2007-02-21,12월,김원규,http://www.ebestsec.co.kr,서울특별시,이베스트투자증권,2018-07-15,1.04
393,78020,KOSDAQ,이베스트투자증권,금융 지원 서비스업,유가증권위탁매매,2007-02-21,12월,김원규,http://www.ebestsec.co.kr,서울특별시,이베스트투자증권,2020-08-02,1.44
394,78020,KOSDAQ,이베스트투자증권,금융 지원 서비스업,유가증권위탁매매,2007-02-21,12월,김원규,http://www.ebestsec.co.kr,서울특별시,이베스트투자증권,2021-10-31,1.14
395,80010,KOSDAQ,이상네트웍스,상품 중개업,기업간전자상거래서비스,2005-09-30,12월,김기배,http://www.e-sang.net,서울특별시,/g/11gz4pnw9,2017-05-07,1.15
396,80010,KOSDAQ,이상네트웍스,상품 중개업,기업간전자상거래서비스,2005-09-30,12월,김기배,http://www.e-sang.net,서울특별시,/g/11gz4pnw9,2018-07-29,1.11
397,86890,KOSDAQ,이수앱지스,의료용품 및 기타 의약 관련제품 제조업,"항체치료제,효소치료제",2009-02-03,12월,이석주,http://www.abxis.com,경기도,/m/0nbddhl,2021-02-14,2.56
398,47560,KOSDAQ,이스트소프트,소프트웨어 개발 및 공급업,"온라인게임(카발온라인),알툴즈S/W,스토리지S/W",2008-07-01,12월,정상원,,서울특별시,/m/064_cb,2017-05-14,1.01
399,47560,KOSDAQ,이스트소프트,소프트웨어 개발 및 공급업,"온라인게임(카발온라인),알툴즈S/W,스토리지S/W",2008-07-01,12월,정상원,,서울특별시,/m/064_cb,2019-04-28,1.32
400,91120,KOSDAQ,이엠텍,전자부품 제조업,"마이크로스피커,리시버",2007-05-02,12월,"정승규, 이석근",http://www.em-tech.co.kr,경상남도,이엠텍,2019-03-03,1.13
401,91120,KOSDAQ,이엠텍,전자부품 제조업,"마이크로스피커,리시버",2007-05-02,12월,"정승규, 이석근",http://www.em-tech.co.kr,경상남도,이엠텍,2020-12-20,1.49
402,96040,KOSDAQ,이트론,기타 전문 도매업,컴퓨터 및 주변장치 제조,2008-01-25,12월,김명종,http://www.e-trons.co.kr,서울특별시,/g/11bv3016h5,2016-12-18,1.14
403,96040,KOSDAQ,이트론,기타 전문 도매업,컴퓨터 및 주변장치 제조,2008-01-25,12월,김명종,http://www.e-trons.co.kr,서울특별시,/g/11bv3016h5,2020-10-25,1.14
404,96040,KOSDAQ,이트론,기타 전문 도매업,컴퓨터 및 주변장치 제조,2008-01-25,12월,김명종,http://www.e-trons.co.kr,서울특별시,/g/11bv3016h5,2021-11-07,1.33
405,24810,KOSDAQ,이화전기,"전동기, 발전기 및 전기 변환 · 공급 · 제어 장치 제조업",무정전전원공급장치,1994-12-29,12월,김성규,http://www.eti21.com,서울특별시,/g/11b87g6cq8,2021-02-14,2.56
406,41830,KOSDAQ,인바디,의료용 기기 제조업,정밀 체성분 분석기,2000-12-14,12월,차기철,http://www.inbody.com,서울특별시,인바디,2020-07-05,1.1
407,60150,KOSDAQ,인선이엔티,폐기물 처리업,건축폐기물처리,2002-06-14,12월,이준길,http://www.insun.co.kr,경기도,인선이엔티,2018-02-25,1.0
408,60150,KOSDAQ,인선이엔티,폐기물 처리업,건축폐기물처리,2002-06-14,12월,이준길,http://www.insun.co.kr,경기도,인선이엔티,2019-06-02,0.99
409,60150,KOSDAQ,인선이엔티,폐기물 처리업,건축폐기물처리,2002-06-14,12월,이준길,http://www.insun.co.kr,경기도,인선이엔티,2020-08-02,1.15
410,83640,KOSDAQ,인콘,통신 및 방송 장비 제조업,영상보안장비 및 영상보안솔루션,2005-12-27,12월,도중식,http://www.in-con.biz,경기도,인콘,2019-04-28,1.16
411,83640,KOSDAQ,인콘,통신 및 방송 장비 제조업,영상보안장비 및 영상보안솔루션,2005-12-27,12월,도중식,http://www.in-con.biz,경기도,인콘,2020-07-05,1.33
412,17250,KOSDAQ,인터엠,영상 및 음향기기 제조업,음향기기,1996-01-03,09월,조남용,http://www.inter-m.co.kr,경기도,인터엠,2017-01-15,1.1
413,35080,KOSDAQ,인터파크,무점포 소매업,전자상거래,1999-07-05,12월,"이기형, 강동화(각자 대표이사)",http://www.interpark.com,서울특별시,/m/08rv6f,2016-12-18,1.14
414,35080,KOSDAQ,인터파크,무점포 소매업,전자상거래,1999-07-05,12월,"이기형, 강동화(각자 대표이사)",http://www.interpark.com,서울특별시,/m/08rv6f,2018-06-24,1.0
415,35080,KOSDAQ,인터파크,무점포 소매업,전자상거래,1999-07-05,12월,"이기형, 강동화(각자 대표이사)",http://www.interpark.com,서울특별시,/m/08rv6f,2019-09-22,2.04
416,35080,KOSDAQ,인터파크,무점포 소매업,전자상거래,1999-07-05,12월,"이기형, 강동화(각자 대표이사)",http://www.interpark.com,서울특별시,/m/08rv6f,2021-10-17,1.08
417,51370,KOSDAQ,인터플렉스,전자부품 제조업,연성회로기판(Flexible PCB),2003-01-22,12월,신일운,http://www.interflex.co.kr,경기도,/g/11gy_hwsf,2017-09-10,1.07
418,48530,KOSDAQ,인트론바이오,기초 의약물질 및 생물학적 제제 제조업,"바이오 신약, 분자진단제품, 동물용항생제대체재",2011-01-26,12월,"윤성준, 윤경원(각자대표)",http://www.intron.co.kr/,경기도,/g/11b_kh0q0,2017-02-26,1.39
419,71200,KOSDAQ,인피니트헬스케어,소프트웨어 개발 및 공급업,의료영상저장전송시스템(PACS),2010-05-26,12월,"홍기태,김동욱",http://infinitt.com,서울특별시,/g/11cjkq0kp7,2017-04-16,1.08
420,71200,KOSDAQ,인피니트헬스케어,소프트웨어 개발 및 공급업,의료영상저장전송시스템(PACS),2010-05-26,12월,"홍기태,김동욱",http://infinitt.com,서울특별시,/g/11cjkq0kp7,2018-04-29,1.04
421,58450,KOSDAQ,일야,통신 및 방송 장비 제조업,"컴퓨터, 복사기 등의 부품",2002-01-17,12월,강정훈,http://www.ilya.co.kr,인천광역시,일야,2017-06-11,1.02
422,58450,KOSDAQ,일야,통신 및 방송 장비 제조업,"컴퓨터, 복사기 등의 부품",2002-01-17,12월,강정훈,http://www.ilya.co.kr,인천광역시,일야,2019-03-17,1.52
423,58450,KOSDAQ,일야,통신 및 방송 장비 제조업,"컴퓨터, 복사기 등의 부품",2002-01-17,12월,강정훈,http://www.ilya.co.kr,인천광역시,일야,2020-06-21,0.98
424,58450,KOSDAQ,일야,통신 및 방송 장비 제조업,"컴퓨터, 복사기 등의 부품",2002-01-17,12월,강정훈,http://www.ilya.co.kr,인천광역시,일야,2021-08-22,1.17
425,95700,KOSDAQ,제넥신,자연과학 및 공학 연구개발업,항체융합단백질 치료제 및 유전자치료 백신개발,2009-09-15,12월,우정원,http://genexine.com,경기도,/g/11bc72k7wz,2020-07-26,1.62
426,123330,KOSDAQ,제닉,기타 화학제품 제조업,"하이드로겔 마스크 팩, 기타화장품",2011-08-03,12월,"박소은, 허남 (공동 대표이사)",http://genic21.com,경기도,제닉,2019-03-24,1.01
427,79370,KOSDAQ,제우스,특수 목적용 기계 제조업,LCD제조용장비,2006-02-01,12월,이종우,http://www.globalzeus.com,경기도,제우스,2021-07-11,1.2
428,33320,KOSDAQ,제이씨현시스템,기계장비 및 관련 물품 도매업,"메인보드, 그래픽카드",1997-11-10,12월,차중석,http://www.jchyun.com,서울특별시,/g/122vlsf2,2017-11-19,1.39
429,26040,KOSDAQ,제이에스티나,귀금속 및 장신용품 제조업,"주얼리,가죽제품,손목시계",1999-12-21,12월,"대표이사 김유미, 장호선 각자대표",http://www.jestina.co.kr,서울특별시,/g/121rpv4t,2017-10-08,1.06
430,26040,KOSDAQ,제이에스티나,귀금속 및 장신용품 제조업,"주얼리,가죽제품,손목시계",1999-12-21,12월,"대표이사 김유미, 장호선 각자대표",http://www.jestina.co.kr,서울특별시,/g/121rpv4t,2020-01-12,1.03
431,89790,KOSDAQ,제이티,특수 목적용 기계 제조업,반도체장비(Burn-in Sorter 등),2006-10-27,12월,유홍준,http://www.jtcorp.co.kr,충청남도,제이티,2020-07-19,1.15
432,80220,KOSDAQ,제주반도체,반도체 제조업,"모바일용 LP DDR SDRAM, CRAM, SRAM",2005-02-01,12월,"박성식, 조형섭(각자 대표)",http://www.jeju-semi.com,제주특별자치도,/m/0ryrl_w,2021-03-28,1.04
433,34940,KOSDAQ,조아제약,의약품 제조업,"의약품,의약부외품,보건보조식품,위생용품의제조판매",1999-08-13,12월,"조성환, 조성배(각자대표)",http://www.choa.co.kr,서울특별시,/g/11b_lw5p7,2017-07-23,1.08
434,34940,KOSDAQ,조아제약,의약품 제조업,"의약품,의약부외품,보건보조식품,위생용품의제조판매",1999-08-13,12월,"조성환, 조성배(각자대표)",http://www.choa.co.kr,서울특별시,/g/11b_lw5p7,2020-06-28,1.33
435,36930,KOSDAQ,주성엔지니어링,특수 목적용 기계 제조업,LP CVD,1999-12-24,12월,황철주,http://www.jseng.com,경기도,주성엔지니어링,2016-12-18,1.03
436,36930,KOSDAQ,주성엔지니어링,특수 목적용 기계 제조업,LP CVD,1999-12-24,12월,황철주,http://www.jseng.com,경기도,주성엔지니어링,2021-01-17,1.08
437,72020,KOSDAQ,중앙백신,기초 의약물질 및 생물학적 제제 제조업,동물용백신,2003-10-31,12월,윤인중,http://www.cavac.co.kr,대전광역시,중앙백신,2017-01-29,1.08
438,72020,KOSDAQ,중앙백신,기초 의약물질 및 생물학적 제제 제조업,동물용백신,2003-10-31,12월,윤인중,http://www.cavac.co.kr,대전광역시,중앙백신,2019-05-12,1.01
439,43610,KOSDAQ,지니뮤직,"자료처리, 호스팅, 포털 및 기타 인터넷 정보매개 서비스업",디지털 음악 서비스 및 음원유통,2000-07-20,12월,조훈,http://www.geniemusic.co.kr,서울특별시,/g/11gyxk3s1,2018-11-04,2.38
440,43610,KOSDAQ,지니뮤직,"자료처리, 호스팅, 포털 및 기타 인터넷 정보매개 서비스업",디지털 음악 서비스 및 음원유통,2000-07-20,12월,조훈,http://www.geniemusic.co.kr,서울특별시,/g/11gyxk3s1,2020-09-20,1.02
441,36180,KOSDAQ,지더블유바이텍,기계장비 및 관련 물품 도매업,"무선통신,방송및응용장치제조업",1999-12-21,12월,김정국,http://www.younginfrontier.com,서울특별시,/g/11byd0brf8,2019-05-19,1.19
442,65060,KOSDAQ,지엔코,봉제의복 제조업,"캐쥬얼의류(Thursday Island, TI FOR MEN)",2002-05-28,12월,김석주 장지혁 (각자대표이사),"http://www.gnco.co.kr,www.thursdayisland.com",서울특별시,지엔코,2016-12-04,1.44
443,65060,KOSDAQ,지엔코,봉제의복 제조업,"캐쥬얼의류(Thursday Island, TI FOR MEN)",2002-05-28,12월,김석주 장지혁 (각자대표이사),"http://www.gnco.co.kr,www.thursdayisland.com",서울특별시,지엔코,2017-12-10,1.06
444,65060,KOSDAQ,지엔코,봉제의복 제조업,"캐쥬얼의류(Thursday Island, TI FOR MEN)",2002-05-28,12월,김석주 장지혁 (각자대표이사),"http://www.gnco.co.kr,www.thursdayisland.com",서울특별시,지엔코,2018-12-16,1.06
445,65060,KOSDAQ,지엔코,봉제의복 제조업,"캐쥬얼의류(Thursday Island, TI FOR MEN)",2002-05-28,12월,김석주 장지혁 (각자대표이사),"http://www.gnco.co.kr,www.thursdayisland.com",서울특별시,지엔코,2021-03-28,1.22
446,115450,KOSDAQ,지트리비앤티,기타 전문 도매업,"임베디드 GUI 미들웨어 FXUI-2D, FXUI-3D",2010-03-26,12월,안기홍,,경기도,/g/11b_l7hbm,2017-09-03,1.04
447,115450,KOSDAQ,지트리비앤티,기타 전문 도매업,"임베디드 GUI 미들웨어 FXUI-2D, FXUI-3D",2010-03-26,12월,안기홍,,경기도,/g/11b_l7hbm,2019-03-24,1.29
448,115450,KOSDAQ,지트리비앤티,기타 전문 도매업,"임베디드 GUI 미들웨어 FXUI-2D, FXUI-3D",2010-03-26,12월,안기홍,,경기도,/g/11b_l7hbm,2020-06-14,1.04
449,115450,KOSDAQ,지트리비앤티,기타 전문 도매업,"임베디드 GUI 미들웨어 FXUI-2D, FXUI-3D",2010-03-26,12월,안기홍,,경기도,/g/11b_l7hbm,2021-08-01,1.18
450,85660,KOSDAQ,차바이오텍,기초 의약물질 및 생물학적 제제 제조업,"세포치료제 개발, 제대혈 보관 등",2005-12-27,12월,오상훈 (단독대표),http://www.chabio.com,서울특별시,/g/11b8733n82,2018-01-07,1.07
451,85660,KOSDAQ,차바이오텍,기초 의약물질 및 생물학적 제제 제조업,"세포치료제 개발, 제대혈 보관 등",2005-12-27,12월,오상훈 (단독대표),http://www.chabio.com,서울특별시,/g/11b8733n82,2021-06-27,1.42
452,94850,KOSDAQ,참좋은여행,여행사 및 기타 여행보조 서비스업,여행상품,2007-04-30,12월,이상호,http://www.verygoodtourcompany.com,서울특별시,참좋은여행,2017-05-21,1.27
453,94850,KOSDAQ,참좋은여행,여행사 및 기타 여행보조 서비스업,여행상품,2007-04-30,12월,이상호,http://www.verygoodtourcompany.com,서울특별시,참좋은여행,2019-05-26,1.56
454,47820,KOSDAQ,초록뱀미디어,"영화, 비디오물, 방송프로그램 제작 및 배급업",방송프로그램 제작 및 공급,2002-12-24,12월,"김상헌,최진욱 (각자대표이사)",http://www.chorokbaem.com,서울특별시,/g/122xqj67,2016-12-11,0.69
455,47820,KOSDAQ,초록뱀미디어,"영화, 비디오물, 방송프로그램 제작 및 배급업",방송프로그램 제작 및 공급,2002-12-24,12월,"김상헌,최진욱 (각자대표이사)",http://www.chorokbaem.com,서울특별시,/g/122xqj67,2020-02-16,1.76
456,47820,KOSDAQ,초록뱀미디어,"영화, 비디오물, 방송프로그램 제작 및 배급업",방송프로그램 제작 및 공급,2002-12-24,12월,"김상헌,최진욱 (각자대표이사)",http://www.chorokbaem.com,서울특별시,/g/122xqj67,2021-03-28,0.93
457,16920,KOSDAQ,카스,기계장비 및 관련 물품 도매업,"전자저울,로드셀",1990-01-04,12월,김태인,http://www.cas.co.kr,경기도,카스,2018-07-22,1.15
458,16920,KOSDAQ,카스,기계장비 및 관련 물품 도매업,"전자저울,로드셀",1990-01-04,12월,김태인,http://www.cas.co.kr,경기도,카스,2020-12-20,1.02
459,50110,KOSDAQ,캠시스,전자부품 제조업,휴대폰용 카메라모듈,2001-05-17,12월,박영태 (단일대표),http://www.cammsys.net,인천광역시,/g/11b_kzfjt,2017-05-07,1.08
460,50110,KOSDAQ,캠시스,전자부품 제조업,휴대폰용 카메라모듈,2001-05-17,12월,박영태 (단일대표),http://www.cammsys.net,인천광역시,/g/11b_kzfjt,2020-05-24,1.11
461,78340,KOSDAQ,컴투스,소프트웨어 개발 및 공급업,모바일게임,2007-07-06,12월,"송재준, 이주환",http://www.com2us.com,서울특별시,컴투스,2020-11-29,1.03
462,214370,KOSDAQ,케어젠,기초 의약물질 및 생물학적 제제 제조업,"성장인자, 바이오미메틱펩타이드 기반 안면, 두피, 바디 코스메슈티컬 제품",2015-11-17,12월,정용지,http://caregen.co.kr,경기도,/g/11bwysbl3v,2018-10-28,1.28
463,214370,KOSDAQ,케어젠,기초 의약물질 및 생물학적 제제 제조업,"성장인자, 바이오미메틱펩타이드 기반 안면, 두피, 바디 코스메슈티컬 제품",2015-11-17,12월,정용지,http://caregen.co.kr,경기도,/g/11bwysbl3v,2020-08-02,1.09
464,93320,KOSDAQ,케이아이엔엑스,"자료처리, 호스팅, 포털 및 기타 인터넷 정보매개 서비스업",인터넷연동서비스 등,2011-02-08,12월,김지욱,http://www.kinx.net,서울특별시,/g/11gz1v91l,2020-05-24,1.23
465,83550,KOSDAQ,케이엠,기타 섬유제품 제조업,클린룸용Wiper,2005-12-20,12월,신병순,http://kmbiz.com,강원도,케이엠,2020-01-26,1.15
466,36030,KOSDAQ,케이티알파,상품 중개업,"커머스, 콘텐츠, ICT",1999-12-24,12월,정기호,http://www.ktalpha.com,서울특별시,/m/0nbgcw2,2017-09-03,1.15
467,36030,KOSDAQ,케이티알파,상품 중개업,"커머스, 콘텐츠, ICT",1999-12-24,12월,정기호,http://www.ktalpha.com,서울특별시,/m/0nbgcw2,2020-08-09,1.18
468,52400,KOSDAQ,코나아이,소프트웨어 개발 및 공급업,"전자화폐, 단말기, 수집/정산시스템",2001-10-18,12월,조정일,http://www.konai.co.kr,서울특별시,/g/112yd2x8b,2017-02-19,1.01
469,52400,KOSDAQ,코나아이,소프트웨어 개발 및 공급업,"전자화폐, 단말기, 수집/정산시스템",2001-10-18,12월,조정일,http://www.konai.co.kr,서울특별시,/g/112yd2x8b,2020-02-23,1.33
470,52400,KOSDAQ,코나아이,소프트웨어 개발 및 공급업,"전자화폐, 단말기, 수집/정산시스템",2001-10-18,12월,조정일,http://www.konai.co.kr,서울특별시,/g/112yd2x8b,2021-03-28,1.14
471,47770,KOSDAQ,코데즈컴바인,봉제의복 제조업,패션의류,2001-09-18,12월,박영환,http://www.codes-combine.co.kr,서울특별시,코데즈컴바인,2017-12-03,1.52
472,27050,KOSDAQ,코리아나,기타 화학제품 제조업,화장품,1999-12-10,12월,유학수,http://www.coreana.co.kr,충청남도,코리아나,2016-12-04,1.67
473,27050,KOSDAQ,코리아나,기타 화학제품 제조업,화장품,1999-12-10,12월,유학수,http://www.coreana.co.kr,충청남도,코리아나,2017-12-31,0.85
474,36690,KOSDAQ,코맥스,통신 및 방송 장비 제조업,"홈네트워크시스템,CCTV 방송설비",2000-01-18,12월,변우석,http://www.commax.com,경기도,코맥스,2017-08-20,1.05
475,36690,KOSDAQ,코맥스,통신 및 방송 장비 제조업,"홈네트워크시스템,CCTV 방송설비",2000-01-18,12월,변우석,http://www.commax.com,경기도,코맥스,2020-09-13,1.05
476,36690,KOSDAQ,코맥스,통신 및 방송 장비 제조업,"홈네트워크시스템,CCTV 방송설비",2000-01-18,12월,변우석,http://www.commax.com,경기도,코맥스,2021-11-28,1.52
477,41960,KOSDAQ,코미팜,의약품 제조업,동물약품,2001-10-30,12월,"양용진, 문성철(각자 대표이사)",http://www.komipharm.com,경기도,코미팜,2017-05-28,1.12
478,41960,KOSDAQ,코미팜,의약품 제조업,동물약품,2001-10-30,12월,"양용진, 문성철(각자 대표이사)",http://www.komipharm.com,경기도,코미팜,2018-06-10,0.96
479,41960,KOSDAQ,코미팜,의약품 제조업,동물약품,2001-10-30,12월,"양용진, 문성철(각자 대표이사)",http://www.komipharm.com,경기도,코미팜,2019-08-25,0.95
480,9730,KOSDAQ,코센,1차 철강 제조업,"스테인리스파이프, 선박용배관제작",1990-07-27,12월,김택환,http://www.kossen.co.kr,전라북도,코센,2019-08-04,1.08
481,69110,KOSDAQ,코스온,기타 화학제품 제조업,화장품,2003-10-14,12월,이동건,http://coson.co.kr,서울특별시,코스온,2017-03-19,1.19
482,166480,KOSDAQ,코아스템,의약품 제조업,줄기세포 치료제,2015-06-26,12월,김경숙,http://www.corestem.com,경기도,/g/11bw5196r4,2017-03-19,1.19
483,102940,KOSDAQ,코오롱생명과학,기초 의약물질 및 생물학적 제제 제조업,"항균제, 수처리제, 원료의약 등",2009-04-07,12월,이우석,,서울특별시,/g/11bc729pjh,2019-05-26,1.06
484,33290,KOSDAQ,코웰패션,"섬유, 의복, 신발 및 가죽제품 소매업","의복, 잡화, 콘덴서",1997-10-13,12월,"최용석, 임종민",http://www.cowellfashion.co.kr,경기도,/g/121w6swk,2017-07-23,1.14
485,33290,KOSDAQ,코웰패션,"섬유, 의복, 신발 및 가죽제품 소매업","의복, 잡화, 콘덴서",1997-10-13,12월,"최용석, 임종민",http://www.cowellfashion.co.kr,경기도,/g/121w6swk,2019-04-14,1.39
486,15710,KOSDAQ,코콤,통신 및 방송 장비 제조업,비디오도어폰,1997-09-30,12월,고성욱,http://www.kocom.com,서울특별시,코콤,2020-02-02,1.16
487,15710,KOSDAQ,코콤,통신 및 방송 장비 제조업,비디오도어폰,1997-09-30,12월,고성욱,http://www.kocom.com,서울특별시,코콤,2021-07-11,1.21
488,60280,KOSDAQ,큐렉소,기타 상품 전문 소매업,"만화단행본, 정기간행물",2002-07-03,12월,이재준,http://www.curexo.com,서울특별시,큐렉소,2018-06-03,1.15
489,40350,KOSDAQ,큐로컴,"컴퓨터 프로그래밍, 시스템 통합 및 관리업","시스템통합, 지능형교통시스템",2002-01-10,12월,조중기,http://www.curocom.com,서울특별시,큐로컴,2017-11-12,1.05
490,40350,KOSDAQ,큐로컴,"컴퓨터 프로그래밍, 시스템 통합 및 관리업","시스템통합, 지능형교통시스템",2002-01-10,12월,조중기,http://www.curocom.com,서울특별시,큐로컴,2020-01-26,1.52
491,54780,KOSDAQ,키이스트,"영화, 비디오물, 방송프로그램 제작 및 배급업",멀티미디어 SI,2003-11-14,12월,박성혜,http://www.keyeast.co.kr,서울특별시,/m/0w0q4m9,2018-03-11,2.86
492,54780,KOSDAQ,키이스트,"영화, 비디오물, 방송프로그램 제작 및 배급업",멀티미디어 SI,2003-11-14,12월,박성혜,http://www.keyeast.co.kr,서울특별시,/m/0w0q4m9,2020-04-12,1.03
493,65130,KOSDAQ,탑엔지니어링,특수 목적용 기계 제조업,LCD Cell Line 자동화 장치,2003-01-29,12월,류도현,http://www.topengnet.com,경상북도,/g/11ggr7rwfq,2017-05-21,1.39
494,65130,KOSDAQ,탑엔지니어링,특수 목적용 기계 제조업,LCD Cell Line 자동화 장치,2003-01-29,12월,류도현,http://www.topengnet.com,경상북도,/g/11ggr7rwfq,2020-08-09,1.36
495,53620,KOSDAQ,태양,기타 금속 가공제품 제조업,"휴대용 부탄가스, 에어졸캔, 외주수탁품",2001-08-07,12월,현창수,http://sungroup.kr/taeyangsun/,충청남도,태양,2017-07-02,0.96
496,53620,KOSDAQ,태양,기타 금속 가공제품 제조업,"휴대용 부탄가스, 에어졸캔, 외주수탁품",2001-08-07,12월,현창수,http://sungroup.kr/taeyangsun/,충청남도,태양,2018-08-12,0.93
497,53620,KOSDAQ,태양,기타 금속 가공제품 제조업,"휴대용 부탄가스, 에어졸캔, 외주수탁품",2001-08-07,12월,현창수,http://sungroup.kr/taeyangsun/,충청남도,태양,2021-09-12,0.93
498,44490,KOSDAQ,태웅,기타 금속 가공제품 제조업,자유형단조품,2001-11-08,12월,장희상,http://www.taewoong.com,부산광역시,태웅,2021-01-31,1.01
499,191420,KOSDAQ,테고사이언스,기초 의약물질 및 생물학적 제제 제조업,피부세포치료제,2014-11-06,12월,전세화,http://www.tegoscience.com,서울특별시,/g/11b6g27sf7,2018-01-14,1.19
500,66700,KOSDAQ,테라젠이텍스,의약품 제조업,"Loading/Unloading System, PCB Bonding System",2004-05-27,12월,"고진업, 류병환 (각자대표이사)",http://www.thera-gen.com,경기도,테라젠이텍스,2018-01-07,1.02
501,66700,KOSDAQ,테라젠이텍스,의약품 제조업,"Loading/Unloading System, PCB Bonding System",2004-05-27,12월,"고진업, 류병환 (각자대표이사)",http://www.thera-gen.com,경기도,테라젠이텍스,2019-03-17,1.35
502,95610,KOSDAQ,테스,특수 목적용 기계 제조업,반도체장비(화학증착장비),2008-05-20,12월,"주숭일, 이재호 (각자 대표이사)",http://www.hites.co.kr,경기도,테스,2020-09-27,3.19
503,131970,KOSDAQ,테스나,"그외 기타 전문, 과학 및 기술 서비스업",반도체 테스트,2013-10-22,12월,이종도,http://www.tesna.co.kr,경기도,/g/12z880nxf,2019-12-22,1.17
504,131970,KOSDAQ,테스나,"그외 기타 전문, 과학 및 기술 서비스업",반도체 테스트,2013-10-22,12월,이종도,http://www.tesna.co.kr,경기도,/g/12z880nxf,2021-08-08,1.41
505,54450,KOSDAQ,텔레칩스,반도체 제조업,"디지털미디어프로세서,발신자정보표시칩",2004-12-10,12월,이장규,http://www.telechips.com,서울특별시,/m/0l8n3sn,2021-01-10,1.17
506,200230,KOSDAQ,텔콘RF제약,통신 및 방송 장비 제조업,"RF 통신부품(케이블 어셈블리, 커넥터 등)",2014-11-24,12월,김지훈,http://www.telcon.co.kr,경기도,/m/09mhx0b,2017-12-03,2.08
507,200230,KOSDAQ,텔콘RF제약,통신 및 방송 장비 제조업,"RF 통신부품(케이블 어셈블리, 커넥터 등)",2014-11-24,12월,김지훈,http://www.telcon.co.kr,경기도,/m/09mhx0b,2019-12-22,1.65
508,51360,KOSDAQ,토비스,영상 및 음향기기 제조업,Gaming모니터,2004-11-19,12월,"김 용 범, 하 희 조",http://www.tovism.com,인천광역시,토비스,2017-08-20,1.19
509,51360,KOSDAQ,토비스,영상 및 음향기기 제조업,Gaming모니터,2004-11-19,12월,"김 용 범, 하 희 조",http://www.tovism.com,인천광역시,토비스,2019-08-25,1.05
510,79970,KOSDAQ,투비소프트,소프트웨어 개발 및 공급업,"MiPlatform, X Platform",2010-06-01,12월,"이경찬, 장선수 각자대표",http://www.tobesoft.com,서울특별시,/g/121m8706,2016-12-11,1.11
511,79970,KOSDAQ,투비소프트,소프트웨어 개발 및 공급업,"MiPlatform, X Platform",2010-06-01,12월,"이경찬, 장선수 각자대표",http://www.tobesoft.com,서울특별시,/g/121m8706,2020-10-11,1.18
512,34230,KOSDAQ,파라다이스,유원지 및 기타 오락관련 서비스업,카지노,2002-11-05,12월,최성욱,http://www.paradise.co.kr,서울특별시,파라다이스,2021-10-10,1.67
513,43200,KOSDAQ,파루,"전동기, 발전기 및 전기 변환 · 공급 · 제어 장치 제조업","온습도 조절기(에어쿨), 무인방제기(야호)",2000-07-19,12월,강문식,http://www.paru.co.kr,전라남도,파루,2017-07-30,1.85
514,43200,KOSDAQ,파루,"전동기, 발전기 및 전기 변환 · 공급 · 제어 장치 제조업","온습도 조절기(에어쿨), 무인방제기(야호)",2000-07-19,12월,강문식,http://www.paru.co.kr,전라남도,파루,2020-01-26,1.15
515,214450,KOSDAQ,파마리서치,의료용품 및 기타 의약 관련제품 제조업,재생의약품,2015-07-24,12월,각자대표이사 강기석 각자대표이사 김신규,http://pharmaresearch.co.kr,강원도,/g/11bwqbgvhy,2017-12-31,1.33
516,37070,KOSDAQ,파세코,가정용 기기 제조업,"창문형에어컨,석유스토브",2000-01-04,12월,유일한,http://www.paseco.co.kr,경기도,파세코,2019-06-02,0.87
517,37070,KOSDAQ,파세코,가정용 기기 제조업,"창문형에어컨,석유스토브",2000-01-04,12월,유일한,http://www.paseco.co.kr,경기도,파세코,2020-06-07,1.23
518,37070,KOSDAQ,파세코,가정용 기기 제조업,"창문형에어컨,석유스토브",2000-01-04,12월,유일한,http://www.paseco.co.kr,경기도,파세코,2021-07-04,1.07
519,150900,KOSDAQ,파수,소프트웨어 개발 및 공급업,기업용 문서보안 솔루션,2013-10-18,12월,조규곤,http://www.fasoo.com,서울특별시,파수,2017-02-19,1.25
520,150900,KOSDAQ,파수,소프트웨어 개발 및 공급업,기업용 문서보안 솔루션,2013-10-18,12월,조규곤,http://www.fasoo.com,서울특별시,파수,2020-08-23,0.97
521,150900,KOSDAQ,파수,소프트웨어 개발 및 공급업,기업용 문서보안 솔루션,2013-10-18,12월,조규곤,http://www.fasoo.com,서울특별시,파수,2021-10-10,0.97
522,170790,KOSDAQ,파이오링크,통신 및 방송 장비 제조업,"ADC(서버부하 분산장치), 보안스위치, 웹방화벽",2013-08-01,12월,조영철,http://www.piolink.com,서울특별시,/m/09gpzfv,2020-05-24,1.22
523,170790,KOSDAQ,파이오링크,통신 및 방송 장비 제조업,"ADC(서버부하 분산장치), 보안스위치, 웹방화벽",2013-08-01,12월,조영철,http://www.piolink.com,서울특별시,/m/09gpzfv,2021-08-29,1.04
524,140860,KOSDAQ,파크시스템스,"측정, 시험, 항해, 제어 및 기타 정밀기기 제조업; 광학기기 제외",연구용 및 산업용 원자현미경,2015-12-17,12월,박상일,http://www.parkafm.co.kr,경기도,/m/09g8dvm,2017-05-28,1.22
525,140860,KOSDAQ,파크시스템스,"측정, 시험, 항해, 제어 및 기타 정밀기기 제조업; 광학기기 제외",연구용 및 산업용 원자현미경,2015-12-17,12월,박상일,http://www.parkafm.co.kr,경기도,/m/09g8dvm,2021-01-24,1.22
526,91700,KOSDAQ,파트론,전자부품 제조업,"카메라모듈, 안테나, 센서류 등",2006-12-13,12월,"김종구, 김종태",http://www.partron.co.kr,경기도,/g/11b_m77b_,2017-04-16,1.41
527,91700,KOSDAQ,파트론,전자부품 제조업,"카메라모듈, 안테나, 센서류 등",2006-12-13,12월,"김종구, 김종태",http://www.partron.co.kr,경기도,/g/11b_m77b_,2018-11-04,1.07
528,32800,KOSDAQ,판타지오,창작 및 예술관련 서비스업,교육서비스,1997-06-26,12월,"박종진, 신영진",http://fantagio.kr,서울특별시,/m/010pgss8,2017-06-04,1.19
529,32800,KOSDAQ,판타지오,창작 및 예술관련 서비스업,교육서비스,1997-06-26,12월,"박종진, 신영진",http://fantagio.kr,서울특별시,/m/010pgss8,2018-07-22,1.03
530,32800,KOSDAQ,판타지오,창작 및 예술관련 서비스업,교육서비스,1997-06-26,12월,"박종진, 신영진",http://fantagio.kr,서울특별시,/m/010pgss8,2019-12-01,1.14
531,32800,KOSDAQ,판타지오,창작 및 예술관련 서비스업,교육서비스,1997-06-26,12월,"박종진, 신영진",http://fantagio.kr,서울특별시,/m/010pgss8,2020-12-27,1.17
532,87010,KOSDAQ,펩트론,기초 의약물질 및 생물학적 제제 제조업,약효지속성 의약품 및 펩타이드 소재,2015-07-22,12월,최호일,http://www.peptron.co.kr,대전광역시,/m/0nbfmhs,2018-02-04,1.04
533,87010,KOSDAQ,펩트론,기초 의약물질 및 생물학적 제제 제조업,약효지속성 의약품 및 펩타이드 소재,2015-07-22,12월,최호일,http://www.peptron.co.kr,대전광역시,/m/0nbfmhs,2019-03-17,1.02
534,87010,KOSDAQ,펩트론,기초 의약물질 및 생물학적 제제 제조업,약효지속성 의약품 및 펩타이드 소재,2015-07-22,12월,최호일,http://www.peptron.co.kr,대전광역시,/m/0nbfmhs,2020-06-07,1.08
535,22100,KOSDAQ,포스코 ICT,"건축기술, 엔지니어링 및 관련 기술 서비스업","SI(System Integration), DVR(Digital Video Recorder)",2000-11-28,12월,정덕균,http://www.poscoict.co.kr,경상북도,/g/120n_lvr,2017-04-23,1.03
536,22100,KOSDAQ,포스코 ICT,"건축기술, 엔지니어링 및 관련 기술 서비스업","SI(System Integration), DVR(Digital Video Recorder)",2000-11-28,12월,정덕균,http://www.poscoict.co.kr,경상북도,/g/120n_lvr,2018-06-03,1.02
537,22100,KOSDAQ,포스코 ICT,"건축기술, 엔지니어링 및 관련 기술 서비스업","SI(System Integration), DVR(Digital Video Recorder)",2000-11-28,12월,정덕균,http://www.poscoict.co.kr,경상북도,/g/120n_lvr,2020-08-09,1.02
538,9520,KOSDAQ,포스코엠텍,1차 철강 제조업,철강포장용역 및 Al탈산제 생산,1997-11-10,12월,이희근,http://www.poscomtech.com,경상북도,/g/11cfjnq04,2018-03-04,1.27
539,9520,KOSDAQ,포스코엠텍,1차 철강 제조업,철강포장용역 및 Al탈산제 생산,1997-11-10,12월,이희근,http://www.poscomtech.com,경상북도,/g/11cfjnq04,2021-02-21,1.12
540,189690,KOSDAQ,포시에스,소프트웨어 개발 및 공급업,기업용 리포팅 소프트웨어 솔루션(OZ-Report 등),2015-02-11,06월,박미경,http://www.forcs.com,서울특별시,/g/11b75n43tw,2017-02-05,0.92
541,189690,KOSDAQ,포시에스,소프트웨어 개발 및 공급업,기업용 리포팅 소프트웨어 솔루션(OZ-Report 등),2015-02-11,06월,박미경,http://www.forcs.com,서울특별시,/g/11b75n43tw,2018-05-20,0.9
542,189690,KOSDAQ,포시에스,소프트웨어 개발 및 공급업,기업용 리포팅 소프트웨어 솔루션(OZ-Report 등),2015-02-11,06월,박미경,http://www.forcs.com,서울특별시,/g/11b75n43tw,2021-01-10,0.91
543,141020,KOSDAQ,포티스,무점포 소매업,셋톱박스,2013-01-29,12월,윤강열,http://www.fortis.co.kr,경기도,포티스,2016-12-18,0.61
544,141020,KOSDAQ,포티스,무점포 소매업,셋톱박스,2013-01-29,12월,윤강열,http://www.fortis.co.kr,경기도,포티스,2018-01-14,1.05
545,141020,KOSDAQ,포티스,무점포 소매업,셋톱박스,2013-01-29,12월,윤강열,http://www.fortis.co.kr,경기도,포티스,2019-01-27,0.51
546,141020,KOSDAQ,포티스,무점포 소매업,셋톱박스,2013-01-29,12월,윤강열,http://www.fortis.co.kr,경기도,포티스,2020-02-02,0.45
547,141020,KOSDAQ,포티스,무점포 소매업,셋톱박스,2013-01-29,12월,윤강열,http://www.fortis.co.kr,경기도,포티스,2021-02-07,0.45
548,53610,KOSDAQ,프로텍,특수 목적용 기계 제조업,"Dispenser, Tray Feeder, 공압실린더",2001-08-17,12월,최승환,http://www.protec21.co.kr,경기도,프로텍,2018-01-28,1.02
549,53610,KOSDAQ,프로텍,특수 목적용 기계 제조업,"Dispenser, Tray Feeder, 공압실린더",2001-08-17,12월,최승환,http://www.protec21.co.kr,경기도,프로텍,2019-03-03,1.0
550,53610,KOSDAQ,프로텍,특수 목적용 기계 제조업,"Dispenser, Tray Feeder, 공압실린더",2001-08-17,12월,최승환,http://www.protec21.co.kr,경기도,프로텍,2020-08-30,1.11
551,53610,KOSDAQ,프로텍,특수 목적용 기계 제조업,"Dispenser, Tray Feeder, 공압실린더",2001-08-17,12월,최승환,http://www.protec21.co.kr,경기도,프로텍,2021-11-28,1.59
552,137400,KOSDAQ,피엔티,특수 목적용 기계 제조업,2차전지 및 전자소재용 Roll-to-Roll 장비,2012-07-06,12월,김준섭,http://www.epnt.co.kr,경상북도,/g/11bwf3d924,2018-01-07,1.03
553,137400,KOSDAQ,피엔티,특수 목적용 기계 제조업,2차전지 및 전자소재용 Roll-to-Roll 장비,2012-07-06,12월,김준섭,http://www.epnt.co.kr,경상북도,/g/11bwf3d924,2019-08-25,0.97
554,137400,KOSDAQ,피엔티,특수 목적용 기계 제조업,2차전지 및 전자소재용 Roll-to-Roll 장비,2012-07-06,12월,김준섭,http://www.epnt.co.kr,경상북도,/g/11bwf3d924,2021-06-20,1.5
555,67310,KOSDAQ,하나마이크론,반도체 제조업,"반도체패키징,IOT",2005-10-11,12월,이동철,http://www.hanamicron.co.kr,충청남도,/m/0l8d655,2018-08-26,1.01
556,67310,KOSDAQ,하나마이크론,반도체 제조업,"반도체패키징,IOT",2005-10-11,12월,이동철,http://www.hanamicron.co.kr,충청남도,/m/0l8d655,2020-09-06,1.39
557,67310,KOSDAQ,하나마이크론,반도체 제조업,"반도체패키징,IOT",2005-10-11,12월,이동철,http://www.hanamicron.co.kr,충청남도,/m/0l8d655,2021-09-12,0.97
558,136480,KOSDAQ,하림,"도축, 육류 가공 및 저장 처리업","육계, 육계가공식품",2011-05-02,12월,"김홍국, 박길연, 윤석춘(각자대표)",,전라북도,하림,2021-05-09,1.09
559,66130,KOSDAQ,하츠,가정용 기기 제조업,"레인지후드, 빌트인 기기 등",2003-02-11,12월,김성식,http://www.haatz.com,경기도,하츠,2019-05-19,1.43
560,66130,KOSDAQ,하츠,가정용 기기 제조업,"레인지후드, 빌트인 기기 등",2003-02-11,12월,김성식,http://www.haatz.com,경기도,하츠,2021-11-28,1.07
561,4590,KOSDAQ,한국가구,생활용품 도매업,소파,1993-06-03,12월,최훈학,http://www.koreafurniture.co.kr,서울특별시,한국가구,2017-01-01,1.04
562,4590,KOSDAQ,한국가구,생활용품 도매업,소파,1993-06-03,12월,최훈학,http://www.koreafurniture.co.kr,서울특별시,한국가구,2020-06-14,1.0
563,39340,KOSDAQ,한국경제TV,텔레비전 방송업,"광고수입, 협찬수입",2004-07-30,12월,조주현,http://www.wownet.co.kr,서울특별시,한국경제TV,2021-07-04,1.06
564,34950,KOSDAQ,한국기업평가,기타 사업지원 서비스업,"신용평가, 컨설팅, 위험관리솔루션",2002-02-07,12월,김기범,http://www.korearatings.com,서울특별시,한국기업평가,2017-04-23,1.4
565,34950,KOSDAQ,한국기업평가,기타 사업지원 서비스업,"신용평가, 컨설팅, 위험관리솔루션",2002-02-07,12월,김기범,http://www.korearatings.com,서울특별시,한국기업평가,2020-07-26,1.75
566,17890,KOSDAQ,한국알콜,기타 화학제품 제조업,주정,1992-08-04,12월,"지용석, 김정수, 주성호",http://www.ka.co.kr,경기도,한국알콜,2020-03-08,1.01
567,41460,KOSDAQ,한국전자인증,소프트웨어 개발 및 공급업,"개인용이메일 보안,인증업무,전자상거래관련 인증서비스/기업용 인증솔루션 제공",2010-11-19,12월,신홍식,http://www.crosscert.com,서울특별시,/g/12bffwf93,2017-12-17,1.2
568,53300,KOSDAQ,한국정보인증,소프트웨어 개발 및 공급업,"공인인증서, PKI솔루션 등",2014-02-04,12월,김상준,http://www.signgate.com,경기도,/g/1yy3vn41p,2021-07-04,1.02
569,25770,KOSDAQ,한국정보통신,전기 통신업,"신용카드부가통신업(VAN),전자지급결제대행업(PG)",1998-01-20,12월,임명수,http://www.kicc.co.kr,서울특별시,/g/11b6dnp04_,2018-04-29,1.28
570,23760,KOSDAQ,한국캐피탈,기타 금융업,리스수수료,1994-11-07,12월,이상춘,http://www.hkcapital.co.kr,대전광역시,한국캐피탈,2021-03-28,1.01
571,53590,KOSDAQ,한국테크놀로지,자동차 신품 부품 제조업,신재생에너지관련장비,2001-08-23,12월,"신용구, 이병길(공동 대표이사)",http://www.myht.co.kr,서울특별시,/g/11b_lctc9,2019-08-18,1.14
572,53590,KOSDAQ,한국테크놀로지,자동차 신품 부품 제조업,신재생에너지관련장비,2001-08-23,12월,"신용구, 이병길(공동 대표이사)",http://www.myht.co.kr,서울특별시,/g/11b_lctc9,2021-04-18,1.01
573,47080,KOSDAQ,한빛소프트,소프트웨어 개발 및 공급업,"게임(스타크래프트 등), 교육, 솔루션",2002-01-10,12월,이승현,http://www.hanbitsoft.co.kr,서울특별시,한빛소프트,2017-01-29,1.59
574,47080,KOSDAQ,한빛소프트,소프트웨어 개발 및 공급업,"게임(스타크래프트 등), 교육, 솔루션",2002-01-10,12월,이승현,http://www.hanbitsoft.co.kr,서울특별시,한빛소프트,2018-10-07,1.13
575,47080,KOSDAQ,한빛소프트,소프트웨어 개발 및 공급업,"게임(스타크래프트 등), 교육, 솔루션",2002-01-10,12월,이승현,http://www.hanbitsoft.co.kr,서울특별시,한빛소프트,2021-06-06,1.02
576,42520,KOSDAQ,한스바이오메드,의료용품 및 기타 의약 관련제품 제조업,"인체이식용조직(인조피부,인조뼈),의료용시술재료(가슴보형물)",2009-10-09,09월,김근영,http://hansbiomed.com,서울특별시,/g/11byd5p8gh,2017-09-03,1.12
577,42520,KOSDAQ,한스바이오메드,의료용품 및 기타 의약 관련제품 제조업,"인체이식용조직(인조피부,인조뼈),의료용시술재료(가슴보형물)",2009-10-09,09월,김근영,http://hansbiomed.com,서울특별시,/g/11byd5p8gh,2020-11-01,1.12
578,84990,KOSDAQ,헬릭스미스,자연과학 및 공학 연구개발업,"바이오신약, 천연물신약 연구개발",2005-12-29,12월,"김선영, 유승신(각자 대표이사)",http://helixmith.com,서울특별시,/m/0k3knmx,2019-09-22,2.08
579,84990,KOSDAQ,헬릭스미스,자연과학 및 공학 연구개발업,"바이오신약, 천연물신약 연구개발",2005-12-29,12월,"김선영, 유승신(각자 대표이사)",http://helixmith.com,서울특별시,/m/0k3knmx,2020-10-18,1.33
580,170030,KOSDAQ,현대공업,자동차 신품 부품 제조업,"시트패드, 암레스트, 헤드레스트",2013-12-04,12월,강현석,http://www.hdi21.co.kr,울산광역시,현대공업,2017-03-19,1.13
581,170030,KOSDAQ,현대공업,자동차 신품 부품 제조업,"시트패드, 암레스트, 헤드레스트",2013-12-04,12월,강현석,http://www.hdi21.co.kr,울산광역시,현대공업,2018-04-29,1.11
582,170030,KOSDAQ,현대공업,자동차 신품 부품 제조업,"시트패드, 암레스트, 헤드레스트",2013-12-04,12월,강현석,http://www.hdi21.co.kr,울산광역시,현대공업,2021-02-28,1.85
583,90850,KOSDAQ,현대이지웰,소프트웨어 개발 및 공급업,선택적복리후생서비스,2013-12-27,12월,장영순,http://www.hyundaiezwel.com,서울특별시,/g/1ypb8hknc,2018-03-11,1.03
584,90850,KOSDAQ,현대이지웰,소프트웨어 개발 및 공급업,선택적복리후생서비스,2013-12-27,12월,장영순,http://www.hyundaiezwel.com,서울특별시,/g/1ypb8hknc,2021-11-07,1.33
585,64240,KOSDAQ,홈캐스트,영상 및 음향기기 제조업,디지털 셋톱박스,2003-06-11,12월,권영철,http://www.homecast.net,서울특별시,홈캐스트,2016-12-25,1.21
586,200670,KOSDAQ,휴메딕스,의약품 제조업,"히알루론산 관절염치료제, 히알루론산 더말필러",2014-12-26,12월,김진환,http://www.humedix.com,경기도,/g/11b6wh6jmy,2017-04-23,1.15
587,84110,KOSDAQ,휴온스글로벌,의약품 제조업,의약품제조업,2006-12-19,12월,윤성태,http://www.huonsglobal.com,경기도,/g/11b_l9cfc,2021-11-21,1.67
588,145020,KOSDAQ,휴젤,기초 의약물질 및 생물학적 제제 제조업,"보툴리눔톡신, 필러",2015-12-24,12월,손지훈,http://www.hugel.co.kr,강원도,/g/11bxg0dhj_,2021-04-11,1.09
589,10240,KOSDAQ,흥국,특수 목적용 기계 제조업,굴삭기 Roller 및 형단조품,2009-05-12,12월,류명준,http://www.heungkuk.co.kr,충청남도,흥국,2020-08-30,1.1
590,37440,KOSDAQ,희림,"건축기술, 엔지니어링 및 관련 기술 서비스업",설계 및 감리용역,2000-02-03,12월,"정영균, 이목운, 허철호 (각자대표)",http://www.heerim.com,서울특별시,희림,2021-04-18,1.33
